model,frame,condition,prediction,region,abs_err_vs_gt,n
E0,0038:0001,clean,fused,valid,0.5631550550460815,2073600
E0,0038:0001,clean,fused,sky,0.7995508313179016,1054310
E0,0038:0001,clean,fused,nonsky,0.3186378479003906,1019290
E0,0038:0001,clean,fused,textureless,0.5659664869308472,357450
E0,0038:0001,clean,fused,textured,0.5625700354576111,1716150
Full,0038:0001,clean,fused,valid,0.5647842884063721,2073600
Full,0038:0001,clean,fused,sky,0.7914546728134155,1054310
Full,0038:0001,clean,fused,nonsky,0.3303260803222656,1019290
Full,0038:0001,clean,fused,textureless,0.5563044548034668,357450
Full,0038:0001,clean,fused,textured,0.5665503144264221,1716150
Full,0038:0001,clean,stereo_only,valid,0.5647764801979065,2073600
Full,0038:0001,clean,stereo_only,sky,0.7914174795150757,1054310
Full,0038:0001,clean,stereo_only,nonsky,0.33034899830818176,1019290
Full,0038:0001,clean,stereo_only,textureless,0.5563319325447083,357450
Full,0038:0001,clean,stereo_only,textured,0.5665353536605835,1716150
Full,0038:0001,clean,mono_only,valid,12.33349609375,2073600
Full,0038:0001,clean,mono_only,sky,9.185297966003418,1054310
Full,0038:0001,clean,mono_only,nonsky,15.589864730834961,1019290
Full,0038:0001,clean,mono_only,textureless,14.727622985839844,357450
Full,0038:0001,clean,mono_only,textured,11.834840774536133,1716150
E0,0038:0001,fog,fused,valid,142.13177490234375,2073600
E0,0038:0001,fog,fused,sky,265.75213623046875,1054310
E0,0038:0001,fog,fused,nonsky,14.264039993286133,1019290
E0,0038:0001,fog,fused,textureless,220.95919799804688,1332125
E0,0038:0001,fog,fused,textured,0.5112553834915161,741475
Full,0038:0001,fog,fused,valid,44.227867126464844,2073600
Full,0038:0001,fog,fused,sky,81.15560150146484,1054310
Full,0038:0001,fog,fused,nonsky,6.031470775604248,1019290
Full,0038:0001,fog,fused,textureless,68.56570434570312,1332125
Full,0038:0001,fog,fused,textured,0.5028394460678101,741475
Full,0038:0001,fog,stereo_only,valid,44.22915267944336,2073600
Full,0038:0001,fog,stereo_only,sky,81.15802001953125,1054310
Full,0038:0001,fog,stereo_only,nonsky,6.031553268432617,1019290
Full,0038:0001,fog,stereo_only,textureless,68.56757354736328,1332125
Full,0038:0001,fog,stereo_only,textured,0.5030528903007507,741475
Full,0038:0001,fog,mono_only,valid,9.570752143859863,2073600
Full,0038:0001,fog,mono_only,sky,10.159751892089844,1054310
Full,0038:0001,fog,mono_only,nonsky,8.961515426635742,1019290
Full,0038:0001,fog,mono_only,textureless,9.032005310058594,1332125
Full,0038:0001,fog,mono_only,textured,10.538652420043945,741475
E0,0038:0001,frost,fused,valid,12.556601524353027,2073600
E0,0038:0001,frost,fused,sky,24.07657241821289,1054310
E0,0038:0001,frost,fused,nonsky,0.6408326029777527,1019290
E0,0038:0001,frost,fused,textureless,14.956184387207031,1070
E0,0038:0001,frost,fused,textured,12.5553560256958,2072530
Full,0038:0001,frost,fused,valid,0.6865672469139099,2073600
Full,0038:0001,frost,fused,sky,0.9174302816390991,1054310
Full,0038:0001,frost,fused,nonsky,0.4477722942829132,1019290
Full,0038:0001,frost,fused,textureless,0.5507903695106506,1070
Full,0038:0001,frost,fused,textured,0.6866374611854553,2072530
Full,0038:0001,frost,stereo_only,valid,0.6858665943145752,2073600
Full,0038:0001,frost,stereo_only,sky,0.9157201647758484,1054310
Full,0038:0001,frost,stereo_only,nonsky,0.4481159746646881,1019290
Full,0038:0001,frost,stereo_only,textureless,0.5510739088058472,1070
Full,0038:0001,frost,stereo_only,textured,0.6859361529350281,2072530
Full,0038:0001,frost,mono_only,valid,21.53837013244629,2073600
Full,0038:0001,frost,mono_only,sky,23.993528366088867,1054310
Full,0038:0001,frost,mono_only,nonsky,18.998868942260742,1019290
Full,0038:0001,frost,mono_only,textureless,16.18820571899414,1070
Full,0038:0001,frost,mono_only,textured,21.541133880615234,2072530
E0,0038:0001,snow,fused,valid,1.138179063796997,2073600
E0,0038:0001,snow,fused,sky,1.650309681892395,1054310
E0,0038:0001,snow,fused,nonsky,0.6084526777267456,1019290
E0,0038:0001,snow,fused,textureless,0.8577316403388977,4401
E0,0038:0001,snow,fused,textured,1.138775110244751,2069199
Full,0038:0001,snow,fused,valid,0.6249199509620667,2073600
Full,0038:0001,snow,fused,sky,0.7694171667098999,1054310
Full,0038:0001,snow,fused,nonsky,0.47545865178108215,1019290
Full,0038:0001,snow,fused,textureless,0.34421977400779724,4401
Full,0038:0001,snow,fused,textured,0.625516951084137,2069199
Full,0038:0001,snow,stereo_only,valid,0.6243784427642822,2073600
Full,0038:0001,snow,stereo_only,sky,0.768212080001831,1054310
Full,0038:0001,snow,stereo_only,nonsky,0.4756031036376953,1019290
Full,0038:0001,snow,stereo_only,textureless,0.3440747857093811,4401
Full,0038:0001,snow,stereo_only,textured,0.6249747276306152,2069199
Full,0038:0001,snow,mono_only,valid,6.677145004272461,2073600
Full,0038:0001,snow,mono_only,sky,5.060916423797607,1054310
Full,0038:0001,snow,mono_only,nonsky,8.348899841308594,1019290
Full,0038:0001,snow,mono_only,textureless,2.552490472793579,4401
Full,0038:0001,snow,mono_only,textured,6.685916900634766,2069199
E0,0038:0024,clean,fused,valid,0.5467765927314758,2073600
E0,0038:0024,clean,fused,sky,0.7875739336013794,1016468
E0,0038:0024,clean,fused,nonsky,0.31524139642715454,1057132
E0,0038:0024,clean,fused,textureless,0.5377477407455444,339241
E0,0038:0024,clean,fused,textured,0.5485425591468811,1734359
Full,0038:0024,clean,fused,valid,0.5472362041473389,2073600
Full,0038:0024,clean,fused,sky,0.7796103954315186,1016468
Full,0038:0024,clean,fused,nonsky,0.32380056381225586,1057132
Full,0038:0024,clean,fused,textureless,0.5291591882705688,339241
Full,0038:0024,clean,fused,textured,0.5507721304893494,1734359
Full,0038:0024,clean,stereo_only,valid,0.5472319722175598,2073600
Full,0038:0024,clean,stereo_only,sky,0.77956622838974,1016468
Full,0038:0024,clean,stereo_only,nonsky,0.32383468747138977,1057132
Full,0038:0024,clean,stereo_only,textureless,0.5291963219642639,339241
Full,0038:0024,clean,stereo_only,textured,0.5507599711418152,1734359
Full,0038:0024,clean,mono_only,valid,11.389700889587402,2073600
Full,0038:0024,clean,mono_only,sky,6.825655460357666,1016468
Full,0038:0024,clean,mono_only,nonsky,15.778189659118652,1057132
Full,0038:0024,clean,mono_only,textureless,9.944151878356934,339241
Full,0038:0024,clean,mono_only,textured,11.672451972961426,1734359
E0,0038:0024,fog,fused,valid,77.53044891357422,2073600
E0,0038:0024,fog,fused,sky,148.41456604003906,1016468
E0,0038:0024,fog,fused,nonsky,9.37304401397705,1057132
E0,0038:0024,fog,fused,textureless,123.55313873291016,1297695
E0,0038:0024,fog,fused,textured,0.5578812956809998,775905
Full,0038:0024,fog,fused,valid,7.868988037109375,2073600
Full,0038:0024,fog,fused,sky,15.571694374084473,1016468
Full,0038:0024,fog,fused,nonsky,0.4625709652900696,1057132
Full,0038:0024,fog,fused,textureless,12.238765716552734,1297695
Full,0038:0024,fog,fused,textured,0.5605631470680237,775905
Full,0038:0024,fog,stereo_only,valid,7.869123935699463,2073600
Full,0038:0024,fog,stereo_only,sky,15.571964263916016,1016468
Full,0038:0024,fog,stereo_only,nonsky,0.46258774399757385,1057132
Full,0038:0024,fog,stereo_only,textureless,12.23884105682373,1297695
Full,0038:0024,fog,stereo_only,textured,0.5608128309249878,775905
Full,0038:0024,fog,mono_only,valid,15.551335334777832,2073600
Full,0038:0024,fog,mono_only,sky,17.391263961791992,1016468
Full,0038:0024,fog,mono_only,nonsky,13.782188415527344,1057132
Full,0038:0024,fog,mono_only,textureless,17.094329833984375,1297695
Full,0038:0024,fog,mono_only,textured,12.970690727233887,775905
E0,0038:0024,frost,fused,valid,1.043395757675171,2073600
E0,0038:0024,frost,fused,sky,1.6665621995925903,1016468
E0,0038:0024,frost,fused,nonsky,0.44420090317726135,1057132
E0,0038:0024,frost,fused,textureless,0.45206013321876526,131412
E0,0038:0024,frost,fused,textured,1.0834068059921265,1942188
Full,0038:0024,frost,fused,valid,0.6357754468917847,2073600
Full,0038:0024,frost,fused,sky,0.810600996017456,1016468
Full,0038:0024,frost,fused,nonsky,0.4676743745803833,1057132
Full,0038:0024,frost,fused,textureless,0.1713489294052124,131412
Full,0038:0024,frost,fused,textured,0.6671989560127258,1942188
Full,0038:0024,frost,stereo_only,valid,0.6351506114006042,2073600
Full,0038:0024,frost,stereo_only,sky,0.8093031644821167,1016468
Full,0038:0024,frost,stereo_only,nonsky,0.4676970839500427,1057132
Full,0038:0024,frost,stereo_only,textureless,0.1707804948091507,131412
Full,0038:0024,frost,stereo_only,textured,0.666570782661438,1942188
Full,0038:0024,frost,mono_only,valid,13.968505859375,2073600
Full,0038:0024,frost,mono_only,sky,13.241031646728516,1016468
Full,0038:0024,frost,mono_only,nonsky,14.667994499206543,1057132
Full,0038:0024,frost,mono_only,textureless,4.316657543182373,131412
Full,0038:0024,frost,mono_only,textured,14.621572494506836,1942188
E0,0038:0024,snow,fused,valid,3.4320549964904785,2073600
E0,0038:0024,snow,fused,sky,6.201266765594482,1016468
E0,0038:0024,snow,fused,nonsky,0.7693676948547363,1057132
E0,0038:0024,snow,fused,textureless,8.822327613830566,5699
E0,0038:0024,snow,fused,textured,3.417201280593872,2067901
Full,0038:0024,snow,fused,valid,0.6632455587387085,2073600
Full,0038:0024,snow,fused,sky,0.8379561901092529,1016468
Full,0038:0024,snow,fused,nonsky,0.49525490403175354,1057132
Full,0038:0024,snow,fused,textureless,0.5284151434898376,5699
Full,0038:0024,snow,fused,textured,0.6636171340942383,2067901
Full,0038:0024,snow,stereo_only,valid,0.6625794768333435,2073600
Full,0038:0024,snow,stereo_only,sky,0.8365518450737,1016468
Full,0038:0024,snow,stereo_only,nonsky,0.495298832654953,1057132
Full,0038:0024,snow,stereo_only,textureless,0.5278190970420837,5699
Full,0038:0024,snow,stereo_only,textured,0.662950873374939,2067901
Full,0038:0024,snow,mono_only,valid,7.276072978973389,2073600
Full,0038:0024,snow,mono_only,sky,4.556421279907227,1016468
Full,0038:0024,snow,mono_only,nonsky,9.891112327575684,1057132
Full,0038:0024,snow,mono_only,textureless,3.7639195919036865,5699
Full,0038:0024,snow,mono_only,textured,7.2857561111450195,2067901
E0,0038:0048,clean,fused,valid,0.5389920473098755,2073600
E0,0038:0048,clean,fused,sky,0.7850669026374817,975822
E0,0038:0048,clean,fused,nonsky,0.32025405764579773,1097778
E0,0038:0048,clean,fused,textureless,0.5226688981056213,345038
E0,0038:0048,clean,fused,textured,0.5422497391700745,1728562
Full,0038:0048,clean,fused,valid,0.5379800200462341,2073600
Full,0038:0048,clean,fused,sky,0.7762385010719299,975822
Full,0038:0048,clean,fused,nonsky,0.32619088888168335,1097778
Full,0038:0048,clean,fused,textureless,0.513952374458313,345038
Full,0038:0048,clean,fused,textured,0.5427764654159546,1728562
Full,0038:0048,clean,stereo_only,valid,0.5379756689071655,2073600
Full,0038:0048,clean,stereo_only,sky,0.776178777217865,975822
Full,0038:0048,clean,stereo_only,nonsky,0.3262351155281067,1097778
Full,0038:0048,clean,stereo_only,textureless,0.513990044593811,345038
Full,0038:0048,clean,stereo_only,textured,0.5427629947662354,1728562
Full,0038:0048,clean,mono_only,valid,10.053864479064941,2073600
Full,0038:0048,clean,mono_only,sky,5.243366718292236,975822
Full,0038:0048,clean,mono_only,nonsky,14.329947471618652,1097778
Full,0038:0048,clean,mono_only,textureless,6.749153137207031,345038
Full,0038:0048,clean,mono_only,textured,10.713515281677246,1728562
E0,0038:0048,fog,fused,valid,43.28225326538086,2073600
E0,0038:0048,fog,fused,sky,91.27767181396484,975822
E0,0038:0048,fog,fused,nonsky,0.6188004016876221,1097778
E0,0038:0048,fog,fused,textureless,67.31707000732422,1327502
E0,0038:0048,fog,fused,textured,0.5181196331977844,746098
Full,0038:0048,fog,fused,valid,13.701386451721191,2073600
Full,0038:0048,fog,fused,sky,28.483713150024414,975822
Full,0038:0048,fog,fused,nonsky,0.561249315738678,1097778
Full,0038:0048,fog,fused,textureless,21.111438751220703,1327502
Full,0038:0048,fog,fused,textured,0.5169631838798523,746098
Full,0038:0048,fog,stereo_only,valid,13.701169967651367,2073600
Full,0038:0048,fog,stereo_only,sky,28.48321533203125,975822
Full,0038:0048,fog,stereo_only,nonsky,0.5613293647766113,1097778
Full,0038:0048,fog,stereo_only,textureless,21.111032485961914,1327502
Full,0038:0048,fog,stereo_only,textured,0.5171093940734863,746098
Full,0038:0048,fog,mono_only,valid,8.715559959411621,2073600
Full,0038:0048,fog,mono_only,sky,9.325439453125,975822
Full,0038:0048,fog,mono_only,nonsky,8.17342758178711,1097778
Full,0038:0048,fog,mono_only,textureless,8.23975944519043,1327502
Full,0038:0048,fog,mono_only,textured,9.562125205993652,746098
E0,0038:0048,frost,fused,valid,0.7016640305519104,2073600
E0,0038:0048,frost,fused,sky,1.0213608741760254,975822
E0,0038:0048,frost,fused,nonsky,0.41748344898223877,1097778
E0,0038:0048,frost,fused,textureless,0.3087084889411926,157885
E0,0038:0048,frost,fused,textured,0.7340497970581055,1915715
Full,0038:0048,frost,fused,valid,0.5847954750061035,2073600
Full,0038:0048,frost,fused,sky,0.7568904161453247,975822
Full,0038:0048,frost,fused,nonsky,0.4318186342716217,1097778
Full,0038:0048,frost,fused,textureless,0.16899091005325317,157885
Full,0038:0048,frost,fused,textured,0.6190639734268188,1915715
Full,0038:0048,frost,stereo_only,valid,0.5842238068580627,2073600
Full,0038:0048,frost,stereo_only,sky,0.7555790543556213,975822
Full,0038:0048,frost,stereo_only,nonsky,0.43190476298332214,1097778
Full,0038:0048,frost,stereo_only,textureless,0.16847366094589233,157885
Full,0038:0048,frost,stereo_only,textured,0.6184878945350647,1915715
Full,0038:0048,frost,mono_only,valid,11.27955436706543,2073600
Full,0038:0048,frost,mono_only,sky,9.144730567932129,975822
Full,0038:0048,frost,mono_only,nonsky,13.17722225189209,1097778
Full,0038:0048,frost,mono_only,textureless,2.5642282962799072,157885
Full,0038:0048,frost,mono_only,textured,11.99783706665039,1915715
E0,0038:0048,snow,fused,valid,1.0086109638214111,2073600
E0,0038:0048,snow,fused,sky,1.490759253501892,975822
E0,0038:0048,snow,fused,nonsky,0.5800272226333618,1097778
E0,0038:0048,snow,fused,textureless,2.9841973781585693,4978
E0,0038:0048,snow,fused,textured,1.0038573741912842,2068622
Full,0038:0048,snow,fused,valid,0.6225231289863586,2073600
Full,0038:0048,snow,fused,sky,0.7939682602882385,975822
Full,0038:0048,snow,fused,nonsky,0.4701250493526459,1097778
Full,0038:0048,snow,fused,textureless,0.5540664792060852,4978
Full,0038:0048,snow,fused,textured,0.6226881742477417,2068622
Full,0038:0048,snow,stereo_only,valid,0.6219035983085632,2073600
Full,0038:0048,snow,stereo_only,sky,0.7925239205360413,975822
Full,0038:0048,snow,stereo_only,nonsky,0.47023823857307434,1097778
Full,0038:0048,snow,stereo_only,textureless,0.553552508354187,4978
Full,0038:0048,snow,stereo_only,textured,0.6220682263374329,2068622
Full,0038:0048,snow,mono_only,valid,6.0850749015808105,2073600
Full,0038:0048,snow,mono_only,sky,3.8374111652374268,975822
Full,0038:0048,snow,mono_only,nonsky,8.083036422729492,1097778
Full,0038:0048,snow,mono_only,textureless,3.2892935276031494,4978
Full,0038:0048,snow,mono_only,textured,6.091804504394531,2068622
E0,0038:0072,clean,fused,valid,0.5182830691337585,2073600
E0,0038:0072,clean,fused,sky,0.6678368449211121,1066937
E0,0038:0072,clean,fused,nonsky,0.3597753643989563,1006663
E0,0038:0072,clean,fused,textureless,0.35878321528434753,459993
E0,0038:0072,clean,fused,textured,0.5637519955635071,1613607
Full,0038:0072,clean,fused,valid,0.5132666826248169,2073600
Full,0038:0072,clean,fused,sky,0.6585668325424194,1066937
Full,0038:0072,clean,fused,nonsky,0.35926660895347595,1006663
Full,0038:0072,clean,fused,textureless,0.3435116708278656,459993
Full,0038:0072,clean,fused,textured,0.5616588592529297,1613607
Full,0038:0072,clean,stereo_only,valid,0.5132630467414856,2073600
Full,0038:0072,clean,stereo_only,sky,0.6585042476654053,1066937
Full,0038:0072,clean,stereo_only,nonsky,0.3593248426914215,1006663
Full,0038:0072,clean,stereo_only,textureless,0.3435264825820923,459993
Full,0038:0072,clean,stereo_only,textured,0.5616496801376343,1613607
Full,0038:0072,clean,mono_only,valid,7.738128662109375,2073600
Full,0038:0072,clean,mono_only,sky,2.9464046955108643,1066937
Full,0038:0072,clean,mono_only,nonsky,12.816750526428223,1006663
Full,0038:0072,clean,mono_only,textureless,2.18800687789917,459993
Full,0038:0072,clean,mono_only,textured,9.320306777954102,1613607
E0,0038:0072,fog,fused,valid,55.919864654541016,2073600
E0,0038:0072,fog,fused,sky,107.9015884399414,1066937
E0,0038:0072,fog,fused,nonsky,0.8257290720939636,1006663
E0,0038:0072,fog,fused,textureless,79.53816223144531,1452571
E0,0038:0072,fog,fused,textured,0.677330493927002,621029
Full,0038:0072,fog,fused,valid,13.530896186828613,2073600
Full,0038:0072,fog,fused,sky,25.752483367919922,1066937
Full,0038:0072,fog,fused,nonsky,0.5775339603424072,1006663
Full,0038:0072,fog,fused,textureless,19.02082633972168,1452571
Full,0038:0072,fog,fused,textured,0.6900925636291504,621029
Full,0038:0072,fog,stereo_only,valid,13.531434059143066,2073600
Full,0038:0072,fog,stereo_only,sky,25.75348663330078,1066937
Full,0038:0072,fog,stereo_only,nonsky,0.5775801539421082,1006663
Full,0038:0072,fog,stereo_only,textureless,19.021512985229492,1452571
Full,0038:0072,fog,stereo_only,textured,0.6902814507484436,621029
Full,0038:0072,fog,mono_only,valid,6.735842227935791,2073600
Full,0038:0072,fog,mono_only,sky,6.027859210968018,1066937
Full,0038:0072,fog,mono_only,nonsky,7.486218452453613,1006663
Full,0038:0072,fog,mono_only,textureless,5.33410120010376,1452571
Full,0038:0072,fog,mono_only,textured,10.014484405517578,621029
E0,0038:0072,frost,fused,valid,0.8447446227073669,2073600
E0,0038:0072,frost,fused,sky,1.2026135921478271,1066937
E0,0038:0072,frost,fused,nonsky,0.4654485881328583,1006663
E0,0038:0072,frost,fused,textureless,0.7499517202377319,804
E0,0038:0072,frost,fused,textured,0.8447815775871277,2072796
Full,0038:0072,frost,fused,valid,0.6983759999275208,2073600
Full,0038:0072,frost,fused,sky,0.9111750721931458,1066937
Full,0038:0072,frost,fused,nonsky,0.4728359282016754,1006663
Full,0038:0072,frost,fused,textureless,0.2280622273683548,804
Full,0038:0072,frost,fused,textured,0.6985587477684021,2072796
Full,0038:0072,frost,stereo_only,valid,0.6973521709442139,2073600
Full,0038:0072,frost,stereo_only,sky,0.9092314839363098,1066937
Full,0038:0072,frost,stereo_only,nonsky,0.4727861285209656,1006663
Full,0038:0072,frost,stereo_only,textureless,0.22665877640247345,804
Full,0038:0072,frost,stereo_only,textured,0.6975342035293579,2072796
Full,0038:0072,frost,mono_only,valid,5.879572868347168,2073600
Full,0038:0072,frost,mono_only,sky,4.186770439147949,1066937
Full,0038:0072,frost,mono_only,nonsky,7.673733711242676,1006663
Full,0038:0072,frost,mono_only,textureless,2.0308291912078857,804
Full,0038:0072,frost,mono_only,textured,5.881065845489502,2072796
E0,0038:0072,snow,fused,valid,1.1221733093261719,2073600
E0,0038:0072,snow,fused,sky,1.6377331018447876,1066937
E0,0038:0072,snow,fused,nonsky,0.5757437348365784,1006663
E0,0038:0072,snow,fused,textureless,1.764068365097046,7320
E0,0038:0072,snow,fused,textured,1.119898796081543,2066280
Full,0038:0072,snow,fused,valid,0.6084412932395935,2073600
Full,0038:0072,snow,fused,sky,0.7035983204841614,1066937
Full,0038:0072,snow,fused,nonsky,0.5075863003730774,1006663
Full,0038:0072,snow,fused,textureless,0.45208707451820374,7320
Full,0038:0072,snow,fused,textured,0.6089949011802673,2066280
Full,0038:0072,snow,stereo_only,valid,0.6080594062805176,2073600
Full,0038:0072,snow,stereo_only,sky,0.7025655508041382,1066937
Full,0038:0072,snow,stereo_only,nonsky,0.5078942775726318,1006663
Full,0038:0072,snow,stereo_only,textureless,0.45195138454437256,7320
Full,0038:0072,snow,stereo_only,textured,0.6086121201515198,2066280
Full,0038:0072,snow,mono_only,valid,5.838051795959473,2073600
Full,0038:0072,snow,mono_only,sky,2.979283571243286,1066937
Full,0038:0072,snow,mono_only,nonsky,8.867989540100098,1006663
Full,0038:0072,snow,mono_only,textureless,2.4981696605682373,7320
Full,0038:0072,snow,mono_only,textured,5.849886417388916,2066280
E0,0038:0096,clean,fused,valid,0.501866340637207,2073600
E0,0038:0096,clean,fused,sky,0.5638746619224548,1287895
E0,0038:0096,clean,fused,nonsky,0.4002246856689453,785705
E0,0038:0096,clean,fused,textureless,0.24286562204360962,686386
E0,0038:0096,clean,fused,textured,0.6300182938575745,1387214
Full,0038:0096,clean,fused,valid,0.502176821231842,2073600
Full,0038:0096,clean,fused,sky,0.5646021962165833,1287895
Full,0038:0096,clean,fused,nonsky,0.39985209703445435,785705
Full,0038:0096,clean,fused,textureless,0.23935732245445251,686386
Full,0038:0096,clean,fused,textured,0.6322185397148132,1387214
Full,0038:0096,clean,stereo_only,valid,0.5021703839302063,2073600
Full,0038:0096,clean,stereo_only,sky,0.5645598769187927,1287895
Full,0038:0096,clean,stereo_only,nonsky,0.3999037742614746,785705
Full,0038:0096,clean,stereo_only,textureless,0.23937763273715973,686386
Full,0038:0096,clean,stereo_only,textured,0.632198691368103,1387214
Full,0038:0096,clean,mono_only,valid,7.4543938636779785,2073600
Full,0038:0096,clean,mono_only,sky,2.4264461994171143,1287895
Full,0038:0096,clean,mono_only,nonsky,15.695992469787598,785705
Full,0038:0096,clean,mono_only,textureless,1.4209699630737305,686386
Full,0038:0096,clean,mono_only,textured,10.439698219299316,1387214
E0,0038:0096,fog,fused,valid,15.905327796936035,2073600
E0,0038:0096,fog,fused,sky,25.340023040771484,1287895
E0,0038:0096,fog,fused,nonsky,0.44039005041122437,785705
E0,0038:0096,fog,fused,textureless,28.96478843688965,1123201
E0,0038:0096,fog,fused,textured,0.4713912904262543,950399
Full,0038:0096,fog,fused,valid,4.1255011558532715,2073600
Full,0038:0096,fog,fused,sky,6.36007833480835,1287895
Full,0038:0096,fog,fused,nonsky,0.46267837285995483,785705
Full,0038:0096,fog,fused,textureless,7.2266950607299805,1123201
Full,0038:0096,fog,fused,textured,0.46044838428497314,950399
Full,0038:0096,fog,stereo_only,valid,4.125491619110107,2073600
Full,0038:0096,fog,stereo_only,sky,6.360045433044434,1287895
Full,0038:0096,fog,stereo_only,nonsky,0.46269774436950684,785705
Full,0038:0096,fog,stereo_only,textureless,7.226657390594482,1123201
Full,0038:0096,fog,stereo_only,textured,0.4604639708995819,950399
Full,0038:0096,fog,mono_only,valid,4.600157260894775,2073600
Full,0038:0096,fog,mono_only,sky,2.726400136947632,1287895
Full,0038:0096,fog,mono_only,nonsky,7.671546459197998,785705
Full,0038:0096,fog,mono_only,textureless,3.2985100746154785,1123201
Full,0038:0096,fog,mono_only,textured,6.1384735107421875,950399
E0,0038:0096,frost,fused,valid,1.7266855239868164,2073600
E0,0038:0096,frost,fused,sky,2.295502185821533,1287895
E0,0038:0096,frost,fused,nonsky,0.7943044900894165,785705
E0,0038:0096,frost,fused,textureless,4.037407875061035,404802
E0,0038:0096,frost,fused,textured,1.166171908378601,1668798
Full,0038:0096,frost,fused,valid,0.6133869290351868,2073600
Full,0038:0096,frost,fused,sky,0.649968683719635,1287895
Full,0038:0096,frost,fused,nonsky,0.5534234642982483,785705
Full,0038:0096,frost,fused,textureless,0.18982021510601044,404802
Full,0038:0096,frost,fused,textured,0.7161317467689514,1668798
Full,0038:0096,frost,stereo_only,valid,0.6125878095626831,2073600
Full,0038:0096,frost,stereo_only,sky,0.6484564542770386,1287895
Full,0038:0096,frost,stereo_only,nonsky,0.5537928342819214,785705
Full,0038:0096,frost,stereo_only,textureless,0.18858689069747925,404802
Full,0038:0096,frost,stereo_only,textured,0.7154375314712524,1668798
Full,0038:0096,frost,mono_only,valid,10.227056503295898,2073600
Full,0038:0096,frost,mono_only,sky,6.809696674346924,1287895
Full,0038:0096,frost,mono_only,nonsky,15.828649520874023,785705
Full,0038:0096,frost,mono_only,textureless,4.387441158294678,404802
Full,0038:0096,frost,mono_only,textured,11.643580436706543,1668798
E0,0038:0096,snow,fused,valid,1.8421821594238281,2073600
E0,0038:0096,snow,fused,sky,2.5849623680114746,1287895
E0,0038:0096,snow,fused,nonsky,0.6246456503868103,785705
E0,0038:0096,snow,fused,textureless,2.6530094146728516,8247
E0,0038:0096,snow,fused,textured,1.8389439582824707,2065353
Full,0038:0096,snow,fused,valid,0.578584611415863,2073600
Full,0038:0096,snow,fused,sky,0.5876193642616272,1287895
Full,0038:0096,snow,fused,nonsky,0.5637754797935486,785705
Full,0038:0096,snow,fused,textureless,0.4748418927192688,8247
Full,0038:0096,snow,fused,textured,0.5789991617202759,2065353
Full,0038:0096,snow,stereo_only,valid,0.5779712200164795,2073600
Full,0038:0096,snow,stereo_only,sky,0.586650013923645,1287895
Full,0038:0096,snow,stereo_only,nonsky,0.5637456178665161,785705
Full,0038:0096,snow,stereo_only,textureless,0.4747476279735565,8247
Full,0038:0096,snow,stereo_only,textured,0.5783834457397461,2065353
Full,0038:0096,snow,mono_only,valid,4.777946472167969,2073600
Full,0038:0096,snow,mono_only,sky,2.5385570526123047,1287895
Full,0038:0096,snow,mono_only,nonsky,8.448665618896484,785705
Full,0038:0096,snow,mono_only,textureless,1.8571641445159912,8247
Full,0038:0096,snow,mono_only,textured,4.789610862731934,2065353
E0,0038:0120,clean,fused,valid,0.40355587005615234,2073600
E0,0038:0120,clean,fused,sky,0.4633326530456543,1485552
E0,0038:0120,clean,fused,nonsky,0.2525450885295868,588048
E0,0038:0120,clean,fused,textureless,0.176644966006279,885484
E0,0038:0120,clean,fused,textured,0.5726689696311951,1188116
Full,0038:0120,clean,fused,valid,0.4048291742801666,2073600
Full,0038:0120,clean,fused,sky,0.4661377966403961,1485552
Full,0038:0120,clean,fused,nonsky,0.24994876980781555,588048
Full,0038:0120,clean,fused,textureless,0.1754382848739624,885484
Full,0038:0120,clean,fused,textured,0.5757905840873718,1188116
Full,0038:0120,clean,stereo_only,valid,0.40481510758399963,2073600
Full,0038:0120,clean,stereo_only,sky,0.4660862982273102,1485552
Full,0038:0120,clean,stereo_only,nonsky,0.2500297725200653,588048
Full,0038:0120,clean,stereo_only,textureless,0.1754460334777832,885484
Full,0038:0120,clean,stereo_only,textured,0.5757603049278259,1188116
Full,0038:0120,clean,mono_only,valid,6.718904972076416,2073600
Full,0038:0120,clean,mono_only,sky,1.5377402305603027,1485552
Full,0038:0120,clean,mono_only,nonsky,19.807783126831055,588048
Full,0038:0120,clean,mono_only,textureless,0.3591136038303375,885484
Full,0038:0120,clean,mono_only,textured,11.45875072479248,1188116
E0,0038:0120,fog,fused,valid,17.932058334350586,2073600
E0,0038:0120,fog,fused,sky,24.901185989379883,1485552
E0,0038:0120,fog,fused,nonsky,0.3263395428657532,588048
E0,0038:0120,fog,fused,textureless,28.496143341064453,1296214
E0,0038:0120,fog,fused,textured,0.31742334365844727,777386
Full,0038:0120,fog,fused,valid,13.526702880859375,2073600
Full,0038:0120,fog,fused,sky,18.74647331237793,1485552
Full,0038:0120,fog,fused,nonsky,0.3403152525424957,588048
Full,0038:0120,fog,fused,textureless,21.455299377441406,1296214
Full,0038:0120,fog,fused,textured,0.30657151341438293,777386
Full,0038:0120,fog,stereo_only,valid,13.52650260925293,2073600
Full,0038:0120,fog,stereo_only,sky,18.746170043945312,1485552
Full,0038:0120,fog,stereo_only,nonsky,0.3403328061103821,588048
Full,0038:0120,fog,stereo_only,textureless,21.454986572265625,1296214
Full,0038:0120,fog,stereo_only,textured,0.30653855204582214,777386
Full,0038:0120,fog,mono_only,valid,4.76759147644043,2073600
Full,0038:0120,fog,mono_only,sky,3.0148732662200928,1485552
Full,0038:0120,fog,mono_only,nonsky,9.195387840270996,588048
Full,0038:0120,fog,mono_only,textureless,3.59220814704895,1296214
Full,0038:0120,fog,mono_only,textured,6.727424144744873,777386
E0,0038:0120,frost,fused,valid,17.063756942749023,2073600
E0,0038:0120,frost,fused,sky,23.66261100769043,1485552
E0,0038:0120,frost,fused,nonsky,0.393490195274353,588048
E0,0038:0120,frost,fused,textureless,56.572776794433594,395261
E0,0038:0120,frost,fused,textured,7.759109020233154,1678339
Full,0038:0120,frost,fused,valid,2.0286338329315186,2073600
Full,0038:0120,frost,fused,sky,2.68381404876709,1485552
Full,0038:0120,frost,fused,nonsky,0.373491495847702,588048
Full,0038:0120,frost,fused,textureless,5.4398698806762695,395261
Full,0038:0120,frost,fused,textured,1.2252633571624756,1678339
Full,0038:0120,frost,stereo_only,valid,2.0277109146118164,2073600
Full,0038:0120,frost,stereo_only,sky,2.682382822036743,1485552
Full,0038:0120,frost,stereo_only,nonsky,0.37385040521621704,588048
Full,0038:0120,frost,stereo_only,textureless,5.439096450805664,395261
Full,0038:0120,frost,stereo_only,textured,1.2243043184280396,1678339
Full,0038:0120,frost,mono_only,valid,12.615730285644531,2073600
Full,0038:0120,frost,mono_only,sky,9.55994701385498,1485552
Full,0038:0120,frost,mono_only,nonsky,20.335372924804688,588048
Full,0038:0120,frost,mono_only,textureless,7.781644344329834,395261
Full,0038:0120,frost,mono_only,textured,13.754190444946289,1678339
E0,0038:0120,snow,fused,valid,11.729697227478027,2073600
E0,0038:0120,snow,fused,sky,16.196937561035156,1485552
E0,0038:0120,snow,fused,nonsky,0.4444073736667633,588048
E0,0038:0120,snow,fused,textureless,21.190492630004883,10455
E0,0038:0120,snow,fused,textured,11.681766510009766,2063145
Full,0038:0120,snow,fused,valid,2.6630659103393555,2073600
Full,0038:0120,snow,fused,sky,3.561596393585205,1485552
Full,0038:0120,snow,fused,nonsky,0.393163800239563,588048
Full,0038:0120,snow,fused,textureless,2.5122592449188232,10455
Full,0038:0120,snow,fused,textured,2.663831949234009,2063145
Full,0038:0120,snow,stereo_only,valid,2.6624345779418945,2073600
Full,0038:0120,snow,stereo_only,sky,3.560702323913574,1485552
Full,0038:0120,snow,stereo_only,nonsky,0.39319583773612976,588048
Full,0038:0120,snow,stereo_only,textureless,2.5121753215789795,10455
Full,0038:0120,snow,stereo_only,textured,2.663196563720703,2063145
Full,0038:0120,snow,mono_only,valid,5.562243938446045,2073600
Full,0038:0120,snow,mono_only,sky,3.613105535507202,1485552
Full,0038:0120,snow,mono_only,nonsky,10.486241340637207,588048
Full,0038:0120,snow,mono_only,textureless,2.192211151123047,10455
Full,0038:0120,snow,mono_only,textured,5.579320907592773,2063145
E0,0038:0144,clean,fused,valid,0.3311450481414795,2073600
E0,0038:0144,clean,fused,sky,0.3870413601398468,1575216
E0,0038:0144,clean,fused,nonsky,0.1544763743877411,498384
E0,0038:0144,clean,fused,textureless,0.12771189212799072,1010037
E0,0038:0144,clean,fused,textured,0.524340033531189,1063563
Full,0038:0144,clean,fused,valid,0.33174511790275574,2073600
Full,0038:0144,clean,fused,sky,0.38803860545158386,1575216
Full,0038:0144,clean,fused,nonsky,0.15382175147533417,498384
Full,0038:0144,clean,fused,textureless,0.1226353868842125,1010037
Full,0038:0144,clean,fused,textured,0.5303310751914978,1063563
Full,0038:0144,clean,stereo_only,valid,0.33172017335891724,2073600
Full,0038:0144,clean,stereo_only,sky,0.38798001408576965,1575216
Full,0038:0144,clean,stereo_only,nonsky,0.15390197932720184,498384
Full,0038:0144,clean,stereo_only,textureless,0.12261972576379776,1010037
Full,0038:0144,clean,stereo_only,textured,0.5302969813346863,1063563
Full,0038:0144,clean,mono_only,valid,5.716488361358643,2073600
Full,0038:0144,clean,mono_only,sky,1.264053225517273,1575216
Full,0038:0144,clean,mono_only,nonsky,19.789072036743164,498384
Full,0038:0144,clean,mono_only,textureless,0.2932024598121643,1010037
Full,0038:0144,clean,mono_only,textured,10.866837501525879,1063563
E0,0038:0144,fog,fused,valid,18.36358070373535,2073600
E0,0038:0144,fog,fused,sky,24.104969024658203,1575216
E0,0038:0144,fog,fused,nonsky,0.2171270102262497,498384
E0,0038:0144,fog,fused,textureless,27.088342666625977,1398921
E0,0038:0144,fog,fused,textured,0.2731511890888214,674679
Full,0038:0144,fog,fused,valid,8.785621643066406,2073600
Full,0038:0144,fog,fused,sky,11.488030433654785,1575216
Full,0038:0144,fog,fused,nonsky,0.2442391961812973,498384
Full,0038:0144,fog,fused,textureless,12.909592628479004,1398921
Full,0038:0144,fog,fused,textured,0.23475082218647003,674679
Full,0038:0144,fog,stereo_only,valid,8.785215377807617,2073600
Full,0038:0144,fog,stereo_only,sky,11.487506866455078,1575216
Full,0038:0144,fog,stereo_only,nonsky,0.24423561990261078,498384
Full,0038:0144,fog,stereo_only,textureless,12.909019470214844,1398921
Full,0038:0144,fog,stereo_only,textured,0.23466676473617554,674679
Full,0038:0144,fog,mono_only,valid,3.29125714302063,2073600
Full,0038:0144,fog,mono_only,sky,1.6376279592514038,1575216
Full,0038:0144,fog,mono_only,nonsky,8.517799377441406,498384
Full,0038:0144,fog,mono_only,textureless,1.9375721216201782,1398921
Full,0038:0144,fog,mono_only,textured,6.098072528839111,674679
E0,0038:0144,frost,fused,valid,31.664031982421875,2073600
E0,0038:0144,frost,fused,sky,41.597412109375,1575216
E0,0038:0144,frost,fused,nonsky,0.2681177258491516,498384
E0,0038:0144,frost,fused,textureless,32.256954193115234,2472
E0,0038:0144,frost,fused,textured,31.663330078125,2071128
Full,0038:0144,frost,fused,valid,6.04118013381958,2073600
Full,0038:0144,frost,fused,sky,7.875010013580322,1575216
Full,0038:0144,frost,fused,nonsky,0.24510592222213745,498384
Full,0038:0144,frost,fused,textureless,5.447421073913574,2472
Full,0038:0144,frost,fused,textured,6.041888236999512,2071128
Full,0038:0144,frost,stereo_only,valid,6.039086818695068,2073600
Full,0038:0144,frost,stereo_only,sky,7.872097015380859,1575216
Full,0038:0144,frost,stereo_only,nonsky,0.24560369551181793,498384
Full,0038:0144,frost,stereo_only,textureless,5.445903778076172,2472
Full,0038:0144,frost,stereo_only,textured,6.039795398712158,2071128
Full,0038:0144,frost,mono_only,valid,11.704617500305176,2073600
Full,0038:0144,frost,mono_only,sky,9.537392616271973,1575216
Full,0038:0144,frost,mono_only,nonsky,18.554458618164062,498384
Full,0038:0144,frost,mono_only,textureless,4.1965789794921875,2472
Full,0038:0144,frost,mono_only,textured,11.713582038879395,2071128
E0,0038:0144,snow,fused,valid,9.49328327178955,2073600
E0,0038:0144,snow,fused,sky,12.400700569152832,1575216
E0,0038:0144,snow,fused,nonsky,0.3039548993110657,498384
E0,0038:0144,snow,fused,textureless,15.083341598510742,10259
E0,0038:0144,snow,fused,textured,9.465490341186523,2063341
Full,0038:0144,snow,fused,valid,2.9398858547210693,2073600
Full,0038:0144,snow,fused,sky,3.794304132461548,1575216
Full,0038:0144,snow,fused,nonsky,0.23936474323272705,498384
Full,0038:0144,snow,fused,textureless,3.80645489692688,10259
Full,0038:0144,snow,fused,textured,2.9355781078338623,2063341
Full,0038:0144,snow,stereo_only,valid,2.939554214477539,2073600
Full,0038:0144,snow,stereo_only,sky,3.793936252593994,1575216
Full,0038:0144,snow,stereo_only,nonsky,0.23914940655231476,498384
Full,0038:0144,snow,stereo_only,textureless,3.8063056468963623,10259
Full,0038:0144,snow,stereo_only,textured,2.9352450370788574,2063341
Full,0038:0144,snow,mono_only,valid,3.899232864379883,2073600
Full,0038:0144,snow,mono_only,sky,2.3301992416381836,1575216
Full,0038:0144,snow,mono_only,nonsky,8.858397483825684,498384
Full,0038:0144,snow,mono_only,textureless,2.231055498123169,10259
Full,0038:0144,snow,mono_only,textured,3.9075281620025635,2063341
E0,0039:0001,clean,fused,valid,0.05029015243053436,2073600
E0,0039:0001,clean,fused,sky,nan,0
E0,0039:0001,clean,fused,nonsky,0.05029015243053436,2073600
E0,0039:0001,clean,fused,textureless,0.027081100270152092,8455
E0,0039:0001,clean,fused,textured,0.05038515850901604,2065145
Full,0039:0001,clean,fused,valid,0.05169164761900902,2073600
Full,0039:0001,clean,fused,sky,nan,0
Full,0039:0001,clean,fused,nonsky,0.05169164761900902,2073600
Full,0039:0001,clean,fused,textureless,0.03901098668575287,8455
Full,0039:0001,clean,fused,textured,0.05174356698989868,2065145
Full,0039:0001,clean,stereo_only,valid,0.05166419595479965,2073600
Full,0039:0001,clean,stereo_only,sky,nan,0
Full,0039:0001,clean,stereo_only,nonsky,0.05166419595479965,2073600
Full,0039:0001,clean,stereo_only,textureless,0.0390576496720314,8455
Full,0039:0001,clean,stereo_only,textured,0.05171579122543335,2065145
Full,0039:0001,clean,mono_only,valid,6.551117897033691,2073600
Full,0039:0001,clean,mono_only,sky,nan,0
Full,0039:0001,clean,mono_only,nonsky,6.551117897033691,2073600
Full,0039:0001,clean,mono_only,textureless,13.17781925201416,8455
Full,0039:0001,clean,mono_only,textured,6.523984432220459,2065145
E0,0039:0001,fog,fused,valid,0.054888319224119186,2073600
E0,0039:0001,fog,fused,sky,nan,0
E0,0039:0001,fog,fused,nonsky,0.054888319224119186,2073600
E0,0039:0001,fog,fused,textureless,0.035734955221414566,391461
E0,0039:0001,fog,fused,textured,0.059345632791519165,1682139
Full,0039:0001,fog,fused,valid,0.055371589958667755,2073600
Full,0039:0001,fog,fused,sky,nan,0
Full,0039:0001,fog,fused,nonsky,0.055371589958667755,2073600
Full,0039:0001,fog,fused,textureless,0.03730448707938194,391461
Full,0039:0001,fog,fused,textured,0.05957609415054321,1682139
Full,0039:0001,fog,stereo_only,valid,0.05533749610185623,2073600
Full,0039:0001,fog,stereo_only,sky,nan,0
Full,0039:0001,fog,stereo_only,nonsky,0.05533749610185623,2073600
Full,0039:0001,fog,stereo_only,textureless,0.03730488941073418,391461
Full,0039:0001,fog,stereo_only,textured,0.05953399837017059,1682139
Full,0039:0001,fog,mono_only,valid,3.709693431854248,2073600
Full,0039:0001,fog,mono_only,sky,nan,0
Full,0039:0001,fog,mono_only,nonsky,3.709693431854248,2073600
Full,0039:0001,fog,mono_only,textureless,4.824474811553955,391461
Full,0039:0001,fog,mono_only,textured,3.450265645980835,1682139
E0,0039:0001,frost,fused,valid,2.5916242599487305,2073600
E0,0039:0001,frost,fused,sky,nan,0
E0,0039:0001,frost,fused,nonsky,2.5916242599487305,2073600
E0,0039:0001,frost,fused,textureless,0.14452289044857025,21011
E0,0039:0001,frost,fused,textured,2.616671562194824,2052589
Full,0039:0001,frost,fused,valid,0.11261295527219772,2073600
Full,0039:0001,frost,fused,sky,nan,0
Full,0039:0001,frost,fused,nonsky,0.11261295527219772,2073600
Full,0039:0001,frost,fused,textureless,0.10372189432382584,21011
Full,0039:0001,frost,fused,textured,0.11270395666360855,2052589
Full,0039:0001,frost,stereo_only,valid,0.11255549639463425,2073600
Full,0039:0001,frost,stereo_only,sky,nan,0
Full,0039:0001,frost,stereo_only,nonsky,0.11255549639463425,2073600
Full,0039:0001,frost,stereo_only,textureless,0.10422898083925247,21011
Full,0039:0001,frost,stereo_only,textured,0.11264071613550186,2052589
Full,0039:0001,frost,mono_only,valid,19.737632751464844,2073600
Full,0039:0001,frost,mono_only,sky,nan,0
Full,0039:0001,frost,mono_only,nonsky,19.737632751464844,2073600
Full,0039:0001,frost,mono_only,textureless,12.897751808166504,21011
Full,0039:0001,frost,mono_only,textured,19.807645797729492,2052589
E0,0039:0001,snow,fused,valid,1.366707682609558,2073600
E0,0039:0001,snow,fused,sky,nan,0
E0,0039:0001,snow,fused,nonsky,1.366707682609558,2073600
E0,0039:0001,snow,fused,textureless,0.42457932233810425,13
E0,0039:0001,snow,fused,textured,1.3667134046554565,2073587
Full,0039:0001,snow,fused,valid,0.1362256407737732,2073600
Full,0039:0001,snow,fused,sky,nan,0
Full,0039:0001,snow,fused,nonsky,0.1362256407737732,2073600
Full,0039:0001,snow,fused,textureless,0.14963942766189575,13
Full,0039:0001,snow,fused,textured,0.13622558116912842,2073587
Full,0039:0001,snow,stereo_only,valid,0.13595443964004517,2073600
Full,0039:0001,snow,stereo_only,sky,nan,0
Full,0039:0001,snow,stereo_only,nonsky,0.13595443964004517,2073600
Full,0039:0001,snow,stereo_only,textureless,0.14873798191547394,13
Full,0039:0001,snow,stereo_only,textured,0.135954350233078,2073587
Full,0039:0001,snow,mono_only,valid,9.966411590576172,2073600
Full,0039:0001,snow,mono_only,sky,nan,0
Full,0039:0001,snow,mono_only,nonsky,9.966411590576172,2073600
Full,0039:0001,snow,mono_only,textureless,1.4453125,13
Full,0039:0001,snow,mono_only,textured,9.966471672058105,2073587
E0,0039:0013,clean,fused,valid,0.04995454102754593,2073600
E0,0039:0013,clean,fused,sky,nan,0
E0,0039:0013,clean,fused,nonsky,0.04995454102754593,2073600
E0,0039:0013,clean,fused,textureless,0.028267908841371536,8591
E0,0039:0013,clean,fused,textured,0.050044771283864975,2065009
Full,0039:0013,clean,fused,valid,0.05047009885311127,2073600
Full,0039:0013,clean,fused,sky,nan,0
Full,0039:0013,clean,fused,nonsky,0.05047009885311127,2073600
Full,0039:0013,clean,fused,textureless,0.04270889237523079,8591
Full,0039:0013,clean,fused,textured,0.05050238221883774,2065009
Full,0039:0013,clean,stereo_only,valid,0.05045067518949509,2073600
Full,0039:0013,clean,stereo_only,sky,nan,0
Full,0039:0013,clean,stereo_only,nonsky,0.05045067518949509,2073600
Full,0039:0013,clean,stereo_only,textureless,0.04279392212629318,8591
Full,0039:0013,clean,stereo_only,textured,0.050482526421546936,2065009
Full,0039:0013,clean,mono_only,valid,6.597171306610107,2073600
Full,0039:0013,clean,mono_only,sky,nan,0
Full,0039:0013,clean,mono_only,nonsky,6.597171306610107,2073600
Full,0039:0013,clean,mono_only,textureless,17.443134307861328,8591
Full,0039:0013,clean,mono_only,textured,6.5520477294921875,2065009
E0,0039:0013,fog,fused,valid,0.05332629382610321,2073600
E0,0039:0013,fog,fused,sky,nan,0
E0,0039:0013,fog,fused,nonsky,0.05332629382610321,2073600
E0,0039:0013,fog,fused,textureless,0.024415403604507446,385013
E0,0039:0013,fog,fused,textured,0.05991819128394127,1688587
Full,0039:0013,fog,fused,valid,0.05419260263442993,2073600
Full,0039:0013,fog,fused,sky,nan,0
Full,0039:0013,fog,fused,nonsky,0.05419260263442993,2073600
Full,0039:0013,fog,fused,textureless,0.029912764206528664,385013
Full,0039:0013,fog,fused,textured,0.05972861871123314,1688587
Full,0039:0013,fog,stereo_only,valid,0.05417275056242943,2073600
Full,0039:0013,fog,stereo_only,sky,nan,0
Full,0039:0013,fog,stereo_only,nonsky,0.05417275056242943,2073600
Full,0039:0013,fog,stereo_only,textureless,0.029792333021759987,385013
Full,0039:0013,fog,stereo_only,textured,0.05973171815276146,1688587
Full,0039:0013,fog,mono_only,valid,3.7555012702941895,2073600
Full,0039:0013,fog,mono_only,sky,nan,0
Full,0039:0013,fog,mono_only,nonsky,3.7555012702941895,2073600
Full,0039:0013,fog,mono_only,textureless,3.1986331939697266,385013
Full,0039:0013,fog,mono_only,textured,3.8824708461761475,1688587
E0,0039:0013,frost,fused,valid,0.15307387709617615,2073600
E0,0039:0013,frost,fused,sky,nan,0
E0,0039:0013,frost,fused,nonsky,0.15307387709617615,2073600
E0,0039:0013,frost,fused,textureless,0.1982421875,10
E0,0039:0013,frost,fused,textured,0.15307363867759705,2073590
Full,0039:0013,frost,fused,valid,0.10718303173780441,2073600
Full,0039:0013,frost,fused,sky,nan,0
Full,0039:0013,frost,fused,nonsky,0.10718303173780441,2073600
Full,0039:0013,frost,fused,textureless,0.0044921874068677425,10
Full,0039:0013,frost,fused,textured,0.107183538377285,2073590
Full,0039:0013,frost,stereo_only,valid,0.10741456598043442,2073600
Full,0039:0013,frost,stereo_only,sky,nan,0
Full,0039:0013,frost,stereo_only,nonsky,0.10741456598043442,2073600
Full,0039:0013,frost,stereo_only,textureless,0.006640625186264515,10
Full,0039:0013,frost,stereo_only,textured,0.10741511732339859,2073590
Full,0039:0013,frost,mono_only,valid,3.039077043533325,2073600
Full,0039:0013,frost,mono_only,sky,nan,0
Full,0039:0013,frost,mono_only,nonsky,3.039077043533325,2073600
Full,0039:0013,frost,mono_only,textureless,3.700000047683716,10
Full,0039:0013,frost,mono_only,textured,3.0390734672546387,2073590
E0,0039:0013,snow,fused,valid,14.237751960754395,2073600
E0,0039:0013,snow,fused,sky,nan,0
E0,0039:0013,snow,fused,nonsky,14.237751960754395,2073600
E0,0039:0013,snow,fused,textureless,0.2692708373069763,15
E0,0039:0013,snow,fused,textured,14.237852096557617,2073585
Full,0039:0013,snow,fused,valid,0.16970238089561462,2073600
Full,0039:0013,snow,fused,sky,nan,0
Full,0039:0013,snow,fused,nonsky,0.16970238089561462,2073600
Full,0039:0013,snow,fused,textureless,0.13333334028720856,15
Full,0039:0013,snow,fused,textured,0.1697027087211609,2073585
Full,0039:0013,snow,stereo_only,valid,0.16932949423789978,2073600
Full,0039:0013,snow,stereo_only,sky,nan,0
Full,0039:0013,snow,stereo_only,nonsky,0.16932949423789978,2073600
Full,0039:0013,snow,stereo_only,textureless,0.13385416567325592,15
Full,0039:0013,snow,stereo_only,textured,0.16932974755764008,2073585
Full,0039:0013,snow,mono_only,valid,16.644725799560547,2073600
Full,0039:0013,snow,mono_only,sky,nan,0
Full,0039:0013,snow,mono_only,nonsky,16.644725799560547,2073600
Full,0039:0013,snow,mono_only,textureless,1.2138020992279053,15
Full,0039:0013,snow,mono_only,textured,16.64483642578125,2073585
E0,0039:0026,clean,fused,valid,0.05015023797750473,2073600
E0,0039:0026,clean,fused,sky,nan,0
E0,0039:0026,clean,fused,nonsky,0.05015023797750473,2073600
E0,0039:0026,clean,fused,textureless,0.02333013154566288,8386
E0,0039:0026,clean,fused,textured,0.05025915056467056,2065214
Full,0039:0026,clean,fused,valid,0.05042516067624092,2073600
Full,0039:0026,clean,fused,sky,nan,0
Full,0039:0026,clean,fused,nonsky,0.05042516067624092,2073600
Full,0039:0026,clean,fused,textureless,0.029238881543278694,8386
Full,0039:0026,clean,fused,textured,0.0505111888051033,2065214
Full,0039:0026,clean,stereo_only,valid,0.050417203456163406,2073600
Full,0039:0026,clean,stereo_only,sky,nan,0
Full,0039:0026,clean,stereo_only,nonsky,0.050417203456163406,2073600
Full,0039:0026,clean,stereo_only,textureless,0.029286161065101624,8386
Full,0039:0026,clean,stereo_only,textured,0.05050300434231758,2065214
Full,0039:0026,clean,mono_only,valid,6.013820171356201,2073600
Full,0039:0026,clean,mono_only,sky,nan,0
Full,0039:0026,clean,mono_only,nonsky,6.013820171356201,2073600
Full,0039:0026,clean,mono_only,textureless,11.203228950500488,8386
Full,0039:0026,clean,mono_only,textured,5.992746353149414,2065214
E0,0039:0026,fog,fused,valid,0.0525544099509716,2073600
E0,0039:0026,fog,fused,sky,nan,0
E0,0039:0026,fog,fused,nonsky,0.0525544099509716,2073600
E0,0039:0026,fog,fused,textureless,0.02394929714500904,382819
E0,0039:0026,fog,fused,textured,0.05903104692697525,1690781
Full,0039:0026,fog,fused,valid,0.05395354703068733,2073600
Full,0039:0026,fog,fused,sky,nan,0
Full,0039:0026,fog,fused,nonsky,0.05395354703068733,2073600
Full,0039:0026,fog,fused,textureless,0.035305220633745193,382819
Full,0039:0026,fog,fused,textured,0.05817577615380287,1690781
Full,0039:0026,fog,stereo_only,valid,0.0538916178047657,2073600
Full,0039:0026,fog,stereo_only,sky,nan,0
Full,0039:0026,fog,stereo_only,nonsky,0.0538916178047657,2073600
Full,0039:0026,fog,stereo_only,textureless,0.03504570946097374,382819
Full,0039:0026,fog,stereo_only,textured,0.05815863981842995,1690781
Full,0039:0026,fog,mono_only,valid,3.2268013954162598,2073600
Full,0039:0026,fog,mono_only,sky,nan,0
Full,0039:0026,fog,mono_only,nonsky,3.2268013954162598,2073600
Full,0039:0026,fog,mono_only,textureless,2.6872267723083496,382819
Full,0039:0026,fog,mono_only,textured,3.348970413208008,1690781
E0,0039:0026,frost,fused,valid,1.397294282913208,2073600
E0,0039:0026,frost,fused,sky,nan,0
E0,0039:0026,frost,fused,nonsky,1.397294282913208,2073600
E0,0039:0026,frost,fused,textureless,nan,0
E0,0039:0026,frost,fused,textured,1.397294282913208,2073600
Full,0039:0026,frost,fused,valid,0.12016367167234421,2073600
Full,0039:0026,frost,fused,sky,nan,0
Full,0039:0026,frost,fused,nonsky,0.12016367167234421,2073600
Full,0039:0026,frost,fused,textureless,nan,0
Full,0039:0026,frost,fused,textured,0.12016367167234421,2073600
Full,0039:0026,frost,stereo_only,valid,0.12018539756536484,2073600
Full,0039:0026,frost,stereo_only,sky,nan,0
Full,0039:0026,frost,stereo_only,nonsky,0.12018539756536484,2073600
Full,0039:0026,frost,stereo_only,textureless,nan,0
Full,0039:0026,frost,stereo_only,textured,0.12018539756536484,2073600
Full,0039:0026,frost,mono_only,valid,37.756568908691406,2073600
Full,0039:0026,frost,mono_only,sky,nan,0
Full,0039:0026,frost,mono_only,nonsky,37.756568908691406,2073600
Full,0039:0026,frost,mono_only,textureless,nan,0
Full,0039:0026,frost,mono_only,textured,37.756568908691406,2073600
E0,0039:0026,snow,fused,valid,3.1471848487854004,2073600
E0,0039:0026,snow,fused,sky,nan,0
E0,0039:0026,snow,fused,nonsky,3.1471848487854004,2073600
E0,0039:0026,snow,fused,textureless,0.2672525942325592,12
E0,0039:0026,snow,fused,textured,3.1471962928771973,2073588
Full,0039:0026,snow,fused,valid,0.17907673120498657,2073600
Full,0039:0026,snow,fused,sky,nan,0
Full,0039:0026,snow,fused,nonsky,0.17907673120498657,2073600
Full,0039:0026,snow,fused,textureless,0.0403645820915699,12
Full,0039:0026,snow,fused,textured,0.17907747626304626,2073588
Full,0039:0026,snow,stereo_only,valid,0.17872312664985657,2073600
Full,0039:0026,snow,stereo_only,sky,nan,0
Full,0039:0026,snow,stereo_only,nonsky,0.17872312664985657,2073600
Full,0039:0026,snow,stereo_only,textureless,0.0406901054084301,12
Full,0039:0026,snow,stereo_only,textured,0.17872394621372223,2073588
Full,0039:0026,snow,mono_only,valid,14.389430046081543,2073600
Full,0039:0026,snow,mono_only,sky,nan,0
Full,0039:0026,snow,mono_only,nonsky,14.389430046081543,2073600
Full,0039:0026,snow,mono_only,textureless,1.1396484375,12
Full,0039:0026,snow,mono_only,textured,14.389501571655273,2073588
E0,0039:0038,clean,fused,valid,0.04959462955594063,2073600
E0,0039:0038,clean,fused,sky,nan,0
E0,0039:0038,clean,fused,nonsky,0.04959462955594063,2073600
E0,0039:0038,clean,fused,textureless,0.019449200481176376,8641
E0,0039:0038,clean,fused,textured,0.04972078278660774,2064959
Full,0039:0038,clean,fused,valid,0.05013297125697136,2073600
Full,0039:0038,clean,fused,sky,nan,0
Full,0039:0038,clean,fused,nonsky,0.05013297125697136,2073600
Full,0039:0038,clean,fused,textureless,0.023371951654553413,8641
Full,0039:0038,clean,fused,textured,0.05024497210979462,2064959
Full,0039:0038,clean,stereo_only,valid,0.05013743415474892,2073600
Full,0039:0038,clean,stereo_only,sky,nan,0
Full,0039:0038,clean,stereo_only,nonsky,0.05013743415474892,2073600
Full,0039:0038,clean,stereo_only,textureless,0.023391390219330788,8641
Full,0039:0038,clean,stereo_only,textured,0.050249360501766205,2064959
Full,0039:0038,clean,mono_only,valid,6.179636001586914,2073600
Full,0039:0038,clean,mono_only,sky,nan,0
Full,0039:0038,clean,mono_only,nonsky,6.179636001586914,2073600
Full,0039:0038,clean,mono_only,textureless,11.321520805358887,8641
Full,0039:0038,clean,mono_only,textured,6.158116817474365,2064959
E0,0039:0038,fog,fused,valid,0.05180645361542702,2073600
E0,0039:0038,fog,fused,sky,nan,0
E0,0039:0038,fog,fused,nonsky,0.05180645361542702,2073600
E0,0039:0038,fog,fused,textureless,0.024811020120978355,380186
E0,0039:0038,fog,fused,textured,0.05786720663309097,1693414
Full,0039:0038,fog,fused,valid,0.05287390202283859,2073600
Full,0039:0038,fog,fused,sky,nan,0
Full,0039:0038,fog,fused,nonsky,0.05287390202283859,2073600
Full,0039:0038,fog,fused,textureless,0.02960388734936714,380186
Full,0039:0038,fog,fused,textured,0.0580982007086277,1693414
Full,0039:0038,fog,stereo_only,valid,0.05285384878516197,2073600
Full,0039:0038,fog,stereo_only,sky,nan,0
Full,0039:0038,fog,stereo_only,nonsky,0.05285384878516197,2073600
Full,0039:0038,fog,stereo_only,textureless,0.02946828305721283,380186
Full,0039:0038,fog,stereo_only,textured,0.058104146271944046,1693414
Full,0039:0038,fog,mono_only,valid,3.6193299293518066,2073600
Full,0039:0038,fog,mono_only,sky,nan,0
Full,0039:0038,fog,mono_only,nonsky,3.6193299293518066,2073600
Full,0039:0038,fog,mono_only,textureless,3.2585537433624268,380186
Full,0039:0038,fog,mono_only,textured,3.700329303741455,1693414
E0,0039:0038,frost,fused,valid,62.2611198425293,2073600
E0,0039:0038,frost,fused,sky,nan,0
E0,0039:0038,frost,fused,nonsky,62.2611198425293,2073600
E0,0039:0038,frost,fused,textureless,268.79803466796875,10
E0,0039:0038,frost,fused,textured,62.26012420654297,2073590
Full,0039:0038,frost,fused,valid,5.172642230987549,2073600
Full,0039:0038,frost,fused,sky,nan,0
Full,0039:0038,frost,fused,nonsky,5.172642230987549,2073600
Full,0039:0038,frost,fused,textureless,50.654296875,10
Full,0039:0038,frost,fused,textured,5.172425270080566,2073590
Full,0039:0038,frost,stereo_only,valid,5.172450542449951,2073600
Full,0039:0038,frost,stereo_only,sky,nan,0
Full,0039:0038,frost,stereo_only,nonsky,5.172450542449951,2073600
Full,0039:0038,frost,stereo_only,textureless,50.654296875,10
Full,0039:0038,frost,stereo_only,textured,5.172225475311279,2073590
Full,0039:0038,frost,mono_only,valid,32.189823150634766,2073600
Full,0039:0038,frost,mono_only,sky,nan,0
Full,0039:0038,frost,mono_only,nonsky,32.189823150634766,2073600
Full,0039:0038,frost,mono_only,textureless,35.773048400878906,10
Full,0039:0038,frost,mono_only,textured,32.18981170654297,2073590
E0,0039:0038,snow,fused,valid,13.028284072875977,2073600
E0,0039:0038,snow,fused,sky,nan,0
E0,0039:0038,snow,fused,nonsky,13.028284072875977,2073600
E0,0039:0038,snow,fused,textureless,3.021848440170288,59
E0,0039:0038,snow,fused,textured,13.028565406799316,2073541
Full,0039:0038,snow,fused,valid,0.16058924794197083,2073600
Full,0039:0038,snow,fused,sky,nan,0
Full,0039:0038,snow,fused,nonsky,0.16058924794197083,2073600
Full,0039:0038,snow,fused,textureless,0.5176112055778503,59
Full,0039:0038,snow,fused,textured,0.16057908535003662,2073541
Full,0039:0038,snow,stereo_only,valid,0.16023631393909454,2073600
Full,0039:0038,snow,stereo_only,sky,nan,0
Full,0039:0038,snow,stereo_only,nonsky,0.16023631393909454,2073600
Full,0039:0038,snow,stereo_only,textureless,0.5159560441970825,59
Full,0039:0038,snow,stereo_only,textured,0.16022621095180511,2073541
Full,0039:0038,snow,mono_only,valid,22.632549285888672,2073600
Full,0039:0038,snow,mono_only,sky,nan,0
Full,0039:0038,snow,mono_only,nonsky,22.632549285888672,2073600
Full,0039:0038,snow,mono_only,textureless,44.53383255004883,59
Full,0039:0038,snow,mono_only,textured,22.631940841674805,2073541
E0,0039:0051,clean,fused,valid,0.04847598448395729,2073599
E0,0039:0051,clean,fused,sky,nan,0
E0,0039:0051,clean,fused,nonsky,0.04847598448395729,2073599
E0,0039:0051,clean,fused,textureless,0.02382740192115307,8651
E0,0039:0051,clean,fused,textured,0.04857923462986946,2064948
Full,0039:0051,clean,fused,valid,0.04994109272956848,2073599
Full,0039:0051,clean,fused,sky,nan,0
Full,0039:0051,clean,fused,nonsky,0.04994109272956848,2073599
Full,0039:0051,clean,fused,textureless,0.027902301400899887,8651
Full,0039:0051,clean,fused,textured,0.05003340169787407,2064948
Full,0039:0051,clean,stereo_only,valid,0.04991552606225014,2073599
Full,0039:0051,clean,stereo_only,sky,nan,0
Full,0039:0051,clean,stereo_only,nonsky,0.04991552606225014,2073599
Full,0039:0051,clean,stereo_only,textureless,0.027925556525588036,8651
Full,0039:0051,clean,stereo_only,textured,0.05000767484307289,2064948
Full,0039:0051,clean,mono_only,valid,6.374502658843994,2073599
Full,0039:0051,clean,mono_only,sky,nan,0
Full,0039:0051,clean,mono_only,nonsky,6.374502658843994,2073599
Full,0039:0051,clean,mono_only,textureless,10.957396507263184,8651
Full,0039:0051,clean,mono_only,textured,6.355304718017578,2064948
E0,0039:0051,fog,fused,valid,0.0534631609916687,2073599
E0,0039:0051,fog,fused,sky,nan,0
E0,0039:0051,fog,fused,nonsky,0.0534631609916687,2073599
E0,0039:0051,fog,fused,textureless,0.039378102868795395,379017
E0,0039:0051,fog,fused,textured,0.056613463908433914,1694582
Full,0039:0051,fog,fused,valid,0.05329034850001335,2073599
Full,0039:0051,fog,fused,sky,nan,0
Full,0039:0051,fog,fused,nonsky,0.05329034850001335,2073599
Full,0039:0051,fog,fused,textureless,0.033969566226005554,379017
Full,0039:0051,fog,fused,textured,0.05761169269680977,1694582
Full,0039:0051,fog,stereo_only,valid,0.05325555056333542,2073599
Full,0039:0051,fog,stereo_only,sky,nan,0
Full,0039:0051,fog,stereo_only,nonsky,0.05325555056333542,2073599
Full,0039:0051,fog,stereo_only,textureless,0.03387540206313133,379017
Full,0039:0051,fog,stereo_only,textured,0.057590190321207047,1694582
Full,0039:0051,fog,mono_only,valid,3.1126649379730225,2073599
Full,0039:0051,fog,mono_only,sky,nan,0
Full,0039:0051,fog,mono_only,nonsky,3.1126649379730225,2073599
Full,0039:0051,fog,mono_only,textureless,2.318885564804077,379017
Full,0039:0051,fog,mono_only,textured,3.290203332901001,1694582
E0,0039:0051,frost,fused,valid,0.12437164783477783,2073599
E0,0039:0051,frost,fused,sky,nan,0
E0,0039:0051,frost,fused,nonsky,0.12437164783477783,2073599
E0,0039:0051,frost,fused,textureless,0.10146316140890121,17380
E0,0039:0051,frost,fused,textured,0.12456531822681427,2056219
Full,0039:0051,frost,fused,valid,0.09638907015323639,2073599
Full,0039:0051,frost,fused,sky,nan,0
Full,0039:0051,frost,fused,nonsky,0.09638907015323639,2073599
Full,0039:0051,frost,fused,textureless,0.06994524598121643,17380
Full,0039:0051,frost,fused,textured,0.0966126099228859,2056219
Full,0039:0051,frost,stereo_only,valid,0.09643452614545822,2073599
Full,0039:0051,frost,stereo_only,sky,nan,0
Full,0039:0051,frost,stereo_only,nonsky,0.09643452614545822,2073599
Full,0039:0051,frost,stereo_only,textureless,0.07021046429872513,17380
Full,0039:0051,frost,stereo_only,textured,0.09665612876415253,2056219
Full,0039:0051,frost,mono_only,valid,21.109365463256836,2073599
Full,0039:0051,frost,mono_only,sky,nan,0
Full,0039:0051,frost,mono_only,nonsky,21.109365463256836,2073599
Full,0039:0051,frost,mono_only,textureless,18.542783737182617,17380
Full,0039:0051,frost,mono_only,textured,21.13105583190918,2056219
E0,0039:0051,snow,fused,valid,8.300504684448242,2073599
E0,0039:0051,snow,fused,sky,nan,0
E0,0039:0051,snow,fused,nonsky,8.300504684448242,2073599
E0,0039:0051,snow,fused,textureless,0.22130408883094788,26
E0,0039:0051,snow,fused,textured,8.300605773925781,2073573
Full,0039:0051,snow,fused,valid,0.18742728233337402,2073599
Full,0039:0051,snow,fused,sky,nan,0
Full,0039:0051,snow,fused,nonsky,0.18742728233337402,2073599
Full,0039:0051,snow,fused,textureless,0.11688701808452606,26
Full,0039:0051,snow,fused,textured,0.18742810189723969,2073573
Full,0039:0051,snow,stereo_only,valid,0.18727613985538483,2073599
Full,0039:0051,snow,stereo_only,sky,nan,0
Full,0039:0051,snow,stereo_only,nonsky,0.18727613985538483,2073599
Full,0039:0051,snow,stereo_only,textureless,0.11613582074642181,26
Full,0039:0051,snow,stereo_only,textured,0.18727703392505646,2073573
Full,0039:0051,snow,mono_only,valid,15.299959182739258,2073599
Full,0039:0051,snow,mono_only,sky,nan,0
Full,0039:0051,snow,mono_only,nonsky,15.299959182739258,2073599
Full,0039:0051,snow,mono_only,textureless,6.071364402770996,26
Full,0039:0051,snow,mono_only,textured,15.300073623657227,2073573
E0,0039:0063,clean,fused,valid,0.049693912267684937,2073600
E0,0039:0063,clean,fused,sky,nan,0
E0,0039:0063,clean,fused,nonsky,0.049693912267684937,2073600
E0,0039:0063,clean,fused,textureless,0.02382047474384308,8935
E0,0039:0063,clean,fused,textured,0.049805887043476105,2064665
Full,0039:0063,clean,fused,valid,0.050942953675985336,2073600
Full,0039:0063,clean,fused,sky,nan,0
Full,0039:0063,clean,fused,nonsky,0.050942953675985336,2073600
Full,0039:0063,clean,fused,textureless,0.029560934752225876,8935
Full,0039:0063,clean,fused,textured,0.05103548243641853,2064665
Full,0039:0063,clean,stereo_only,valid,0.05091320723295212,2073600
Full,0039:0063,clean,stereo_only,sky,nan,0
Full,0039:0063,clean,stereo_only,nonsky,0.05091320723295212,2073600
Full,0039:0063,clean,stereo_only,textureless,0.02958279475569725,8935
Full,0039:0063,clean,stereo_only,textured,0.0510055273771286,2064665
Full,0039:0063,clean,mono_only,valid,6.253360271453857,2073600
Full,0039:0063,clean,mono_only,sky,nan,0
Full,0039:0063,clean,mono_only,nonsky,6.253360271453857,2073600
Full,0039:0063,clean,mono_only,textureless,12.090144157409668,8935
Full,0039:0063,clean,mono_only,textured,6.228102207183838,2064665
E0,0039:0063,fog,fused,valid,0.05192902684211731,2073600
E0,0039:0063,fog,fused,sky,nan,0
E0,0039:0063,fog,fused,nonsky,0.05192902684211731,2073600
E0,0039:0063,fog,fused,textureless,0.0286195520311594,377275
E0,0039:0063,fog,fused,textured,0.05711325258016586,1696325
Full,0039:0063,fog,fused,valid,0.05429912731051445,2073600
Full,0039:0063,fog,fused,sky,nan,0
Full,0039:0063,fog,fused,nonsky,0.05429912731051445,2073600
Full,0039:0063,fog,fused,textureless,0.03775976225733757,377275
Full,0039:0063,fog,fused,textured,0.05797760561108589,1696325
Full,0039:0063,fog,stereo_only,valid,0.05421016365289688,2073600
Full,0039:0063,fog,stereo_only,sky,nan,0
Full,0039:0063,fog,stereo_only,nonsky,0.05421016365289688,2073600
Full,0039:0063,fog,stereo_only,textureless,0.03747434914112091,377275
Full,0039:0063,fog,stereo_only,textured,0.05793231353163719,1696325
Full,0039:0063,fog,mono_only,valid,3.2088403701782227,2073600
Full,0039:0063,fog,mono_only,sky,nan,0
Full,0039:0063,fog,mono_only,nonsky,3.2088403701782227,2073600
Full,0039:0063,fog,mono_only,textureless,2.6787867546081543,377275
Full,0039:0063,fog,mono_only,textured,3.3267269134521484,1696325
E0,0039:0063,frost,fused,valid,0.4673258662223816,2073600
E0,0039:0063,frost,fused,sky,nan,0
E0,0039:0063,frost,fused,nonsky,0.4673258662223816,2073600
E0,0039:0063,frost,fused,textureless,0.9051513671875,32
E0,0039:0063,frost,fused,textured,0.46731939911842346,2073568
Full,0039:0063,frost,fused,valid,0.11074566841125488,2073600
Full,0039:0063,frost,fused,sky,nan,0
Full,0039:0063,frost,fused,nonsky,0.11074566841125488,2073600
Full,0039:0063,frost,fused,textureless,0.1309814453125,32
Full,0039:0063,frost,fused,textured,0.110745370388031,2073568
Full,0039:0063,frost,stereo_only,valid,0.11083503067493439,2073600
Full,0039:0063,frost,stereo_only,sky,nan,0
Full,0039:0063,frost,stereo_only,nonsky,0.11083503067493439,2073600
Full,0039:0063,frost,stereo_only,textureless,0.12896728515625,32
Full,0039:0063,frost,stereo_only,textured,0.11083468794822693,2073568
Full,0039:0063,frost,mono_only,valid,2.557654857635498,2073600
Full,0039:0063,frost,mono_only,sky,nan,0
Full,0039:0063,frost,mono_only,nonsky,2.557654857635498,2073600
Full,0039:0063,frost,mono_only,textureless,3.097900390625,32
Full,0039:0063,frost,mono_only,textured,2.557645797729492,2073568
E0,0039:0063,snow,fused,valid,0.42557016015052795,2073600
E0,0039:0063,snow,fused,sky,nan,0
E0,0039:0063,snow,fused,nonsky,0.42557016015052795,2073600
E0,0039:0063,snow,fused,textureless,0.36793869733810425,52
E0,0039:0063,snow,fused,textured,0.42557185888290405,2073548
Full,0039:0063,snow,fused,valid,0.19898852705955505,2073600
Full,0039:0063,snow,fused,sky,nan,0
Full,0039:0063,snow,fused,nonsky,0.19898852705955505,2073600
Full,0039:0063,snow,fused,textureless,0.18539664149284363,52
Full,0039:0063,snow,fused,textured,0.1989889144897461,2073548
Full,0039:0063,snow,stereo_only,valid,0.1983633190393448,2073600
Full,0039:0063,snow,stereo_only,sky,nan,0
Full,0039:0063,snow,stereo_only,nonsky,0.1983633190393448,2073600
Full,0039:0063,snow,stereo_only,textureless,0.18644832074642181,52
Full,0039:0063,snow,stereo_only,textured,0.19836357235908508,2073548
Full,0039:0063,snow,mono_only,valid,17.825695037841797,2073600
Full,0039:0063,snow,mono_only,sky,nan,0
Full,0039:0063,snow,mono_only,nonsky,17.825695037841797,2073600
Full,0039:0063,snow,mono_only,textureless,11.62203311920166,52
Full,0039:0063,snow,mono_only,textured,17.82585334777832,2073548
E0,0039:0076,clean,fused,valid,0.04807969182729721,2073600
E0,0039:0076,clean,fused,sky,nan,0
E0,0039:0076,clean,fused,nonsky,0.04807969182729721,2073600
E0,0039:0076,clean,fused,textureless,0.07098746299743652,9089
E0,0039:0076,clean,fused,textured,0.04797886684536934,2064511
Full,0039:0076,clean,fused,valid,0.04965753108263016,2073600
Full,0039:0076,clean,fused,sky,nan,0
Full,0039:0076,clean,fused,nonsky,0.04965753108263016,2073600
Full,0039:0076,clean,fused,textureless,0.08902867883443832,9089
Full,0039:0076,clean,fused,textured,0.049484189599752426,2064511
Full,0039:0076,clean,stereo_only,valid,0.049649711698293686,2073600
Full,0039:0076,clean,stereo_only,sky,nan,0
Full,0039:0076,clean,stereo_only,nonsky,0.049649711698293686,2073600
Full,0039:0076,clean,stereo_only,textureless,0.08909250050783157,9089
Full,0039:0076,clean,stereo_only,textured,0.04947603866457939,2064511
Full,0039:0076,clean,mono_only,valid,5.928213119506836,2073600
Full,0039:0076,clean,mono_only,sky,nan,0
Full,0039:0076,clean,mono_only,nonsky,5.928213119506836,2073600
Full,0039:0076,clean,mono_only,textureless,10.030444145202637,9089
Full,0039:0076,clean,mono_only,textured,5.910160064697266,2064511
E0,0039:0076,fog,fused,valid,0.05616438388824463,2073600
E0,0039:0076,fog,fused,sky,nan,0
E0,0039:0076,fog,fused,nonsky,0.05616438388824463,2073600
E0,0039:0076,fog,fused,textureless,0.055187929421663284,375536
E0,0039:0076,fog,fused,textured,0.05638032406568527,1698064
Full,0039:0076,fog,fused,valid,0.07393953949213028,2073600
Full,0039:0076,fog,fused,sky,nan,0
Full,0039:0076,fog,fused,nonsky,0.07393953949213028,2073600
Full,0039:0076,fog,fused,textureless,0.1510459929704666,375536
Full,0039:0076,fog,fused,textured,0.05688701942563057,1698064
Full,0039:0076,fog,stereo_only,valid,0.0739128515124321,2073600
Full,0039:0076,fog,stereo_only,sky,nan,0
Full,0039:0076,fog,stereo_only,nonsky,0.0739128515124321,2073600
Full,0039:0076,fog,stereo_only,textureless,0.15099942684173584,375536
Full,0039:0076,fog,stereo_only,textured,0.05686477571725845,1698064
Full,0039:0076,fog,mono_only,valid,2.869748115539551,2073600
Full,0039:0076,fog,mono_only,sky,nan,0
Full,0039:0076,fog,mono_only,nonsky,2.869748115539551,2073600
Full,0039:0076,fog,mono_only,textureless,1.7838810682296753,375536
Full,0039:0076,fog,mono_only,textured,3.1098952293395996,1698064
E0,0039:0076,frost,fused,valid,0.16605332493782043,2073600
E0,0039:0076,frost,fused,sky,nan,0
E0,0039:0076,frost,fused,nonsky,0.16605332493782043,2073600
E0,0039:0076,frost,fused,textureless,0.33034104108810425,52
E0,0039:0076,frost,fused,textured,0.16604918241500854,2073548
Full,0039:0076,frost,fused,valid,0.11419955641031265,2073600
Full,0039:0076,frost,fused,sky,nan,0
Full,0039:0076,frost,fused,nonsky,0.11419955641031265,2073600
Full,0039:0076,frost,fused,textureless,0.12312199175357819,52
Full,0039:0076,frost,fused,textured,0.11419932544231415,2073548
Full,0039:0076,frost,stereo_only,valid,0.11398474127054214,2073600
Full,0039:0076,frost,stereo_only,sky,nan,0
Full,0039:0076,frost,stereo_only,nonsky,0.11398474127054214,2073600
Full,0039:0076,frost,stereo_only,textureless,0.12537559866905212,52
Full,0039:0076,frost,stereo_only,textured,0.11398438364267349,2073548
Full,0039:0076,frost,mono_only,valid,2.7464041709899902,2073600
Full,0039:0076,frost,mono_only,sky,nan,0
Full,0039:0076,frost,mono_only,nonsky,2.7464041709899902,2073600
Full,0039:0076,frost,mono_only,textureless,4.04371976852417,52
Full,0039:0076,frost,mono_only,textured,2.746371269226074,2073548
E0,0039:0076,snow,fused,valid,8.755611419677734,2073600
E0,0039:0076,snow,fused,sky,nan,0
E0,0039:0076,snow,fused,nonsky,8.755611419677734,2073600
E0,0039:0076,snow,fused,textureless,0.4345703125,48
E0,0039:0076,snow,fused,textured,8.75579833984375,2073552
Full,0039:0076,snow,fused,valid,0.15396781265735626,2073600
Full,0039:0076,snow,fused,sky,nan,0
Full,0039:0076,snow,fused,nonsky,0.15396781265735626,2073600
Full,0039:0076,snow,fused,textureless,0.1607259064912796,48
Full,0039:0076,snow,fused,textured,0.15396758913993835,2073552
Full,0039:0076,snow,stereo_only,valid,0.15392854809761047,2073600
Full,0039:0076,snow,stereo_only,sky,nan,0
Full,0039:0076,snow,stereo_only,nonsky,0.15392854809761047,2073600
Full,0039:0076,snow,stereo_only,textureless,0.1607666015625,48
Full,0039:0076,snow,stereo_only,textured,0.15392838418483734,2073552
Full,0039:0076,snow,mono_only,valid,10.758401870727539,2073600
Full,0039:0076,snow,mono_only,sky,nan,0
Full,0039:0076,snow,mono_only,nonsky,10.758401870727539,2073600
Full,0039:0076,snow,mono_only,textureless,4.846028804779053,48
Full,0039:0076,snow,mono_only,textured,10.758537292480469,2073552
E0,0045:0001,clean,fused,valid,0.4951098561286926,2073600
E0,0045:0001,clean,fused,sky,0.6606805920600891,870223
E0,0045:0001,clean,fused,nonsky,0.375377357006073,1203377
E0,0045:0001,clean,fused,textureless,0.15155120193958282,518395
E0,0045:0001,clean,fused,textured,0.6096282601356506,1555205
Full,0045:0001,clean,fused,valid,0.5134307742118835,2073600
Full,0045:0001,clean,fused,sky,0.6982071399688721,870223
Full,0045:0001,clean,fused,nonsky,0.3798093795776367,1203377
Full,0045:0001,clean,fused,textureless,0.1953621655702591,518395
Full,0045:0001,clean,fused,textured,0.6194521188735962,1555205
Full,0045:0001,clean,stereo_only,valid,0.5134365558624268,2073600
Full,0045:0001,clean,stereo_only,sky,0.6982307434082031,870223
Full,0045:0001,clean,stereo_only,nonsky,0.3798023462295532,1203377
Full,0045:0001,clean,stereo_only,textureless,0.1955990344285965,518395
Full,0045:0001,clean,stereo_only,textured,0.6193809509277344,1555205
Full,0045:0001,clean,mono_only,valid,9.690642356872559,2073600
Full,0045:0001,clean,mono_only,sky,6.901640892028809,870223
Full,0045:0001,clean,mono_only,nonsky,11.707508087158203,1203377
Full,0045:0001,clean,mono_only,textureless,1.645789384841919,518395
Full,0045:0001,clean,mono_only,textured,12.372223854064941,1555205
E0,0045:0001,fog,fused,valid,11.845703125,2073600
E0,0045:0001,fog,fused,sky,27.677749633789062,870223
E0,0045:0001,fog,fused,nonsky,0.3967522084712982,1203377
E0,0045:0001,fog,fused,textureless,23.937774658203125,992906
E0,0045:0001,fog,fused,textured,0.7358986735343933,1080694
Full,0045:0001,fog,fused,valid,1.1348892450332642,2073600
Full,0045:0001,fog,fused,sky,2.151033401489258,870223
Full,0045:0001,fog,fused,nonsky,0.40006446838378906,1203377
Full,0045:0001,fog,fused,textureless,1.6112275123596191,992906
Full,0045:0001,fog,fused,textured,0.6972466111183167,1080694
Full,0045:0001,fog,stereo_only,valid,1.1352674961090088,2073600
Full,0045:0001,fog,stereo_only,sky,2.151588201522827,870223
Full,0045:0001,fog,stereo_only,nonsky,0.40031445026397705,1203377
Full,0045:0001,fog,stereo_only,textureless,1.6117160320281982,992906
Full,0045:0001,fog,stereo_only,textured,0.6975229978561401,1080694
Full,0045:0001,fog,mono_only,valid,22.71575164794922,2073600
Full,0045:0001,fog,mono_only,sky,0.9598603844642639,870223
Full,0045:0001,fog,mono_only,nonsky,38.44853973388672,1203377
Full,0045:0001,fog,mono_only,textureless,4.583488941192627,992906
Full,0045:0001,fog,mono_only,textured,39.37508010864258,1080694
E0,0045:0001,frost,fused,valid,13.069912910461426,2073600
E0,0045:0001,frost,fused,sky,30.403949737548828,870223
E0,0045:0001,frost,fused,nonsky,0.5348007082939148,1203377
E0,0045:0001,frost,fused,textureless,22.79315757751465,3544
E0,0045:0001,frost,fused,textured,13.053264617919922,2070056
Full,0045:0001,frost,fused,valid,5.93026876449585,2073600
Full,0045:0001,frost,fused,sky,13.342774391174316,870223
Full,0045:0001,frost,fused,nonsky,0.5699005126953125,1203377
Full,0045:0001,frost,fused,textureless,24.777271270751953,3544
Full,0045:0001,frost,fused,textured,5.898000240325928,2070056
Full,0045:0001,frost,stereo_only,valid,5.928811550140381,2073600
Full,0045:0001,frost,stereo_only,sky,13.339741706848145,870223
Full,0045:0001,frost,stereo_only,nonsky,0.5695922374725342,1203377
Full,0045:0001,frost,stereo_only,textureless,24.777069091796875,3544
Full,0045:0001,frost,stereo_only,textured,5.896543025970459,2070056
Full,0045:0001,frost,mono_only,valid,24.9017333984375,2073600
Full,0045:0001,frost,mono_only,sky,41.87739181518555,870223
Full,0045:0001,frost,mono_only,nonsky,12.62578296661377,1203377
Full,0045:0001,frost,mono_only,textureless,39.51935577392578,3544
Full,0045:0001,frost,mono_only,textured,24.876708984375,2070056
E0,0045:0001,snow,fused,valid,6.169646263122559,2073600
E0,0045:0001,snow,fused,sky,13.811854362487793,870223
E0,0045:0001,snow,fused,nonsky,0.6431682705879211,1203377
E0,0045:0001,snow,fused,textureless,1.6309540271759033,32909
E0,0045:0001,snow,fused,textured,6.242835998535156,2040691
Full,0045:0001,snow,fused,valid,1.8383697271347046,2073600
Full,0045:0001,snow,fused,sky,3.4846086502075195,870223
Full,0045:0001,snow,fused,nonsky,0.6478897929191589,1203377
Full,0045:0001,snow,fused,textureless,0.4908584952354431,32909
Full,0045:0001,snow,fused,textured,1.860100269317627,2040691
Full,0045:0001,snow,stereo_only,valid,1.8379933834075928,2073600
Full,0045:0001,snow,stereo_only,sky,3.483983039855957,870223
Full,0045:0001,snow,stereo_only,nonsky,0.6476951241493225,1203377
Full,0045:0001,snow,stereo_only,textureless,0.49096131324768066,32909
Full,0045:0001,snow,stereo_only,textured,1.8597164154052734,2040691
Full,0045:0001,snow,mono_only,valid,14.150931358337402,2073600
Full,0045:0001,snow,mono_only,sky,7.741883277893066,870223
Full,0045:0001,snow,mono_only,nonsky,18.785634994506836,1203377
Full,0045:0001,snow,mono_only,textureless,8.195964813232422,32909
Full,0045:0001,snow,mono_only,textured,14.246964454650879,2040691
E0,0045:0033,clean,fused,valid,0.46247750520706177,2073600
E0,0045:0033,clean,fused,sky,0.6163114905357361,931156
E0,0045:0033,clean,fused,nonsky,0.33709418773651123,1142444
E0,0045:0033,clean,fused,textureless,0.18745847046375275,523813
E0,0045:0033,clean,fused,textured,0.5554312467575073,1549787
Full,0045:0033,clean,fused,valid,0.48548775911331177,2073600
Full,0045:0033,clean,fused,sky,0.6642300486564636,931156
Full,0045:0033,clean,fused,nonsky,0.3398028612136841,1142444
Full,0045:0033,clean,fused,textureless,0.2548463046550751,523813
Full,0045:0033,clean,fused,textured,0.5634422898292542,1549787
Full,0045:0033,clean,stereo_only,valid,0.48555758595466614,2073600
Full,0045:0033,clean,stereo_only,sky,0.6644062995910645,931156
Full,0045:0033,clean,stereo_only,nonsky,0.33978548645973206,1142444
Full,0045:0033,clean,stereo_only,textureless,0.25530070066452026,523813
Full,0045:0033,clean,stereo_only,textured,0.5633821487426758,1549787
Full,0045:0033,clean,mono_only,valid,9.246496200561523,2073600
Full,0045:0033,clean,mono_only,sky,5.838066101074219,931156
Full,0045:0033,clean,mono_only,nonsky,12.024565696716309,1142444
Full,0045:0033,clean,mono_only,textureless,0.5041602253913879,523813
Full,0045:0033,clean,mono_only,textured,12.20132827758789,1549787
E0,0045:0033,fog,fused,valid,0.7786539793014526,2073600
E0,0045:0033,fog,fused,sky,1.273289442062378,931156
E0,0045:0033,fog,fused,nonsky,0.3754992187023163,1142444
E0,0045:0033,fog,fused,textureless,1.0036166906356812,983490
E0,0045:0033,fog,fused,textured,0.5756952166557312,1090110
Full,0045:0033,fog,fused,valid,0.35198256373405457,2073600
Full,0045:0033,fog,fused,sky,0.318697452545166,931156
Full,0045:0033,fog,fused,nonsky,0.3791118562221527,1142444
Full,0045:0033,fog,fused,textureless,0.11215262860059738,983490
Full,0045:0033,fog,fused,textured,0.5683557391166687,1090110
Full,0045:0033,fog,stereo_only,valid,0.35226455330848694,2073600
Full,0045:0033,fog,stereo_only,sky,0.31893646717071533,931156
Full,0045:0033,fog,stereo_only,nonsky,0.3794291317462921,1142444
Full,0045:0033,fog,stereo_only,textureless,0.1123594120144844,983490
Full,0045:0033,fog,stereo_only,textured,0.5687057971954346,1090110
Full,0045:0033,fog,mono_only,valid,20.063737869262695,2073600
Full,0045:0033,fog,mono_only,sky,1.5928592681884766,931156
Full,0045:0033,fog,mono_only,nonsky,35.1185417175293,1142444
Full,0045:0033,fog,mono_only,textureless,3.6217422485351562,983490
Full,0045:0033,fog,mono_only,textured,34.8975944519043,1090110
E0,0045:0033,frost,fused,valid,19.233121871948242,2073600
E0,0045:0033,frost,fused,sky,42.058753967285156,931156
E0,0045:0033,frost,fused,nonsky,0.6289539933204651,1142444
E0,0045:0033,frost,fused,textureless,67.22134399414062,1144
E0,0045:0033,frost,fused,textured,19.20663070678711,2072456
Full,0045:0033,frost,fused,valid,3.1309664249420166,2073600
Full,0045:0033,frost,fused,sky,6.256162643432617,931156
Full,0045:0033,frost,fused,nonsky,0.5837546586990356,1142444
Full,0045:0033,frost,fused,textureless,5.167519569396973,1144
Full,0045:0033,frost,fused,textured,3.129842519760132,2072456
Full,0045:0033,frost,stereo_only,valid,3.1297879219055176,2073600
Full,0045:0033,frost,stereo_only,sky,6.25352144241333,931156
Full,0045:0033,frost,stereo_only,nonsky,0.5837652683258057,1142444
Full,0045:0033,frost,stereo_only,textureless,5.164484977722168,1144
Full,0045:0033,frost,stereo_only,textured,3.1286635398864746,2072456
Full,0045:0033,frost,mono_only,valid,14.940573692321777,2073600
Full,0045:0033,frost,mono_only,sky,23.22142219543457,931156
Full,0045:0033,frost,mono_only,nonsky,8.191219329833984,1142444
Full,0045:0033,frost,mono_only,textureless,18.112638473510742,1144
Full,0045:0033,frost,mono_only,textured,14.938825607299805,2072456
E0,0045:0033,snow,fused,valid,4.170535564422607,2073600
E0,0045:0033,snow,fused,sky,8.535382270812988,931156
E0,0045:0033,snow,fused,nonsky,0.6129445433616638,1142444
E0,0045:0033,snow,fused,textureless,0.9404417276382446,31557
E0,0045:0033,snow,fused,textured,4.220454692840576,2042043
Full,0045:0033,snow,fused,valid,0.7846148610115051,2073600
Full,0045:0033,snow,fused,sky,1.031477451324463,931156
Full,0045:0033,snow,fused,nonsky,0.5834083557128906,1142444
Full,0045:0033,snow,fused,textureless,0.09526371210813522,31557
Full,0045:0033,snow,fused,textured,0.7952679991722107,2042043
Full,0045:0033,snow,stereo_only,valid,0.7836726903915405,2073600
Full,0045:0033,snow,stereo_only,sky,1.0299274921417236,931156
Full,0045:0033,snow,stereo_only,nonsky,0.5829616189002991,1142444
Full,0045:0033,snow,stereo_only,textureless,0.09523426741361618,31557
Full,0045:0033,snow,stereo_only,textured,0.7943118810653687,2042043
Full,0045:0033,snow,mono_only,valid,9.25307559967041,2073600
Full,0045:0033,snow,mono_only,sky,4.430108070373535,931156
Full,0045:0033,snow,mono_only,nonsky,13.184064865112305,1142444
Full,0045:0033,snow,mono_only,textureless,1.9945911169052124,31557
Full,0045:0033,snow,mono_only,textured,9.365241050720215,2042043
E0,0045:0066,clean,fused,valid,0.5531662106513977,2073600
E0,0045:0066,clean,fused,sky,0.6403055787086487,957561
E0,0045:0066,clean,fused,nonsky,0.4784008860588074,1116039
E0,0045:0066,clean,fused,textureless,0.25585511326789856,540484
E0,0045:0066,clean,fused,textured,0.6579800844192505,1533116
Full,0045:0066,clean,fused,valid,0.5718327760696411,2073600
Full,0045:0066,clean,fused,sky,0.6717071533203125,957561
Full,0045:0066,clean,fused,nonsky,0.48614054918289185,1116039
Full,0045:0066,clean,fused,textureless,0.3017105460166931,540484
Full,0045:0066,clean,fused,textured,0.6670616269111633,1533116
Full,0045:0066,clean,stereo_only,valid,0.5719084143638611,2073600
Full,0045:0066,clean,stereo_only,sky,0.6719185709953308,957561
Full,0045:0066,clean,stereo_only,nonsky,0.4860999584197998,1116039
Full,0045:0066,clean,stereo_only,textureless,0.30219945311546326,540484
Full,0045:0066,clean,stereo_only,textured,0.6669917106628418,1533116
Full,0045:0066,clean,mono_only,valid,9.441913604736328,2073600
Full,0045:0066,clean,mono_only,sky,4.435473442077637,957561
Full,0045:0066,clean,mono_only,nonsky,13.73743724822998,1116039
Full,0045:0066,clean,mono_only,textureless,0.19128797948360443,540484
Full,0045:0066,clean,mono_only,textured,12.70312786102295,1533116
E0,0045:0066,fog,fused,valid,1.9640564918518066,2073600
E0,0045:0066,fog,fused,sky,3.6668272018432617,957561
E0,0045:0066,fog,fused,nonsky,0.5030806660652161,1116039
E0,0045:0066,fog,fused,textureless,3.3767151832580566,996078
E0,0045:0066,fog,fused,textured,0.658173680305481,1077522
Full,0045:0066,fog,fused,valid,0.40410172939300537,2073600
Full,0045:0066,fog,fused,sky,0.2801140546798706,957561
Full,0045:0066,fog,fused,nonsky,0.5104830265045166,1116039
Full,0045:0066,fog,fused,textureless,0.11909690499305725,996078
Full,0045:0066,fog,fused,textured,0.6675644516944885,1077522
Full,0045:0066,fog,stereo_only,valid,0.4041949510574341,2073600
Full,0045:0066,fog,stereo_only,sky,0.28006067872047424,957561
Full,0045:0066,fog,stereo_only,nonsky,0.5107022523880005,1116039
Full,0045:0066,fog,stereo_only,textureless,0.11897658556699753,996078
Full,0045:0066,fog,stereo_only,textured,0.6678555011749268,1077522
Full,0045:0066,fog,mono_only,valid,18.04771614074707,2073600
Full,0045:0066,fog,mono_only,sky,2.9824626445770264,957561
Full,0045:0066,fog,mono_only,nonsky,30.973684310913086,1116039
Full,0045:0066,fog,mono_only,textureless,4.9495110511779785,996078
Full,0045:0066,fog,mono_only,textured,30.1558895111084,1077522
E0,0045:0066,frost,fused,valid,19.77133560180664,2073600
E0,0045:0066,frost,fused,sky,42.048492431640625,957561
E0,0045:0066,frost,fused,nonsky,0.657532274723053,1116039
E0,0045:0066,frost,fused,textureless,25.989356994628906,3725
E0,0045:0066,frost,fused,textured,19.7601318359375,2069875
Full,0045:0066,frost,fused,valid,2.1733694076538086,2073600
Full,0045:0066,frost,fused,sky,3.887148857116699,957561
Full,0045:0066,frost,fused,nonsky,0.7029487490653992,1116039
Full,0045:0066,frost,fused,textureless,0.20999042689800262,3725
Full,0045:0066,frost,fused,textured,2.176903009414673,2069875
Full,0045:0066,frost,stereo_only,valid,2.1720614433288574,2073600
Full,0045:0066,frost,stereo_only,sky,3.8839681148529053,957561
Full,0045:0066,frost,stereo_only,nonsky,0.7032471299171448,1116039
Full,0045:0066,frost,stereo_only,textureless,0.20732609927654266,3725
Full,0045:0066,frost,stereo_only,textured,2.1755969524383545,2069875
Full,0045:0066,frost,mono_only,valid,22.079456329345703,2073600
Full,0045:0066,frost,mono_only,sky,37.79826736450195,957561
Full,0045:0066,frost,mono_only,nonsky,8.592710494995117,1116039
Full,0045:0066,frost,mono_only,textureless,36.582000732421875,3725
Full,0045:0066,frost,mono_only,textured,22.053356170654297,2069875
E0,0045:0066,snow,fused,valid,4.650879859924316,2073600
E0,0045:0066,snow,fused,sky,9.184804916381836,957561
E0,0045:0066,snow,fused,nonsky,0.7607767581939697,1116039
E0,0045:0066,snow,fused,textureless,2.5439372062683105,34799
E0,0045:0066,snow,fused,textured,4.68684196472168,2038801
Full,0045:0066,snow,fused,valid,0.7225230932235718,2073600
Full,0045:0066,snow,fused,sky,0.7359228730201721,957561
Full,0045:0066,snow,fused,nonsky,0.7110260128974915,1116039
Full,0045:0066,snow,fused,textureless,0.04282856732606888,34799
Full,0045:0066,snow,fused,textured,0.7341241836547852,2038801
Full,0045:0066,snow,stereo_only,valid,0.7216096520423889,2073600
Full,0045:0066,snow,stereo_only,sky,0.7341481447219849,957561
Full,0045:0066,snow,stereo_only,nonsky,0.710851788520813,1116039
Full,0045:0066,snow,stereo_only,textureless,0.042603492736816406,34799
Full,0045:0066,snow,stereo_only,textured,0.7331991195678711,2038801
Full,0045:0066,snow,mono_only,valid,7.218027591705322,2073600
Full,0045:0066,snow,mono_only,sky,4.68934440612793,957561
Full,0045:0066,snow,mono_only,nonsky,9.3876371383667,1116039
Full,0045:0066,snow,mono_only,textureless,1.1971502304077148,34799
Full,0045:0066,snow,mono_only,textured,7.320795059204102,2038801
E0,0045:0099,clean,fused,valid,0.6431862711906433,2073600
E0,0045:0099,clean,fused,sky,0.6712371706962585,981803
E0,0045:0099,clean,fused,nonsky,0.6179613471031189,1091797
E0,0045:0099,clean,fused,textureless,0.31689804792404175,558528
E0,0045:0099,clean,fused,textured,0.7634713649749756,1515072
Full,0045:0099,clean,fused,valid,0.663347601890564,2073600
Full,0045:0099,clean,fused,sky,0.7057955861091614,981803
Full,0045:0099,clean,fused,nonsky,0.6251766681671143,1091797
Full,0045:0099,clean,fused,textureless,0.372060090303421,558528
Full,0045:0099,clean,fused,textured,0.770730197429657,1515072
Full,0045:0099,clean,stereo_only,valid,0.6634818315505981,2073600
Full,0045:0099,clean,stereo_only,sky,0.7061108350753784,981803
Full,0045:0099,clean,stereo_only,nonsky,0.6251469850540161,1091797
Full,0045:0099,clean,stereo_only,textureless,0.3726998567581177,558528
Full,0045:0099,clean,stereo_only,textured,0.7706779837608337,1515072
Full,0045:0099,clean,mono_only,valid,9.76397705078125,2073600
Full,0045:0099,clean,mono_only,sky,3.1891093254089355,981803
Full,0045:0099,clean,mono_only,nonsky,15.676458358764648,1091797
Full,0045:0099,clean,mono_only,textureless,0.0909467414021492,558528
Full,0045:0099,clean,mono_only,textured,13.329919815063477,1515072
E0,0045:0099,fog,fused,valid,14.839517593383789,2073600
E0,0045:0099,fog,fused,sky,30.66630744934082,981803
E0,0045:0099,fog,fused,nonsky,0.6071995496749878,1091797
E0,0045:0099,fog,fused,textureless,29.265945434570312,1024607
E0,0045:0099,fog,fused,textured,0.7484448552131653,1048993
Full,0045:0099,fog,fused,valid,0.7083312273025513,2073600
Full,0045:0099,fog,fused,sky,0.8062596917152405,981803
Full,0045:0099,fog,fused,nonsky,0.6202687621116638,1091797
Full,0045:0099,fog,fused,textureless,0.6455022096633911,1024607
Full,0045:0099,fog,fused,textured,0.7697001099586487,1048993
Full,0045:0099,fog,stereo_only,valid,0.7084699869155884,2073600
Full,0045:0099,fog,stereo_only,sky,0.8062766194343567,981803
Full,0045:0099,fog,stereo_only,nonsky,0.6205165386199951,1091797
Full,0045:0099,fog,stereo_only,textureless,0.6454957127571106,1024607
Full,0045:0099,fog,stereo_only,textured,0.7699805498123169,1048993
Full,0045:0099,fog,mono_only,valid,12.483348846435547,2073600
Full,0045:0099,fog,mono_only,sky,1.0388047695159912,981803
Full,0045:0099,fog,mono_only,nonsky,22.774913787841797,1091797
Full,0045:0099,fog,mono_only,textureless,2.965179920196533,1024607
Full,0045:0099,fog,mono_only,textured,21.780261993408203,1048993
E0,0045:0099,frost,fused,valid,1.2314255237579346,2073600
E0,0045:0099,frost,fused,sky,1.7018691301345825,981803
E0,0045:0099,frost,fused,nonsky,0.8083788752555847,1091797
E0,0045:0099,frost,fused,textureless,1.908880352973938,876
E0,0045:0099,frost,fused,textured,1.2311408519744873,2072724
Full,0045:0099,frost,fused,valid,0.9065184593200684,2073600
Full,0045:0099,frost,fused,sky,1.027764916419983,981803
Full,0045:0099,frost,fused,nonsky,0.7974874377250671,1091797
Full,0045:0099,frost,fused,textureless,0.5388374924659729,876
Full,0045:0099,frost,fused,textured,0.9066735506057739,2072724
Full,0045:0099,frost,stereo_only,valid,0.9049580097198486,2073600
Full,0045:0099,frost,stereo_only,sky,1.0249807834625244,981803
Full,0045:0099,frost,stereo_only,nonsky,0.797027051448822,1091797
Full,0045:0099,frost,stereo_only,textureless,0.5343776345252991,876
Full,0045:0099,frost,stereo_only,textured,0.9051145911216736,2072724
Full,0045:0099,frost,mono_only,valid,16.882230758666992,2073600
Full,0045:0099,frost,mono_only,sky,7.107790946960449,981803
Full,0045:0099,frost,mono_only,nonsky,25.671939849853516,1091797
Full,0045:0099,frost,mono_only,textureless,6.261999607086182,876
Full,0045:0099,frost,mono_only,textured,16.886722564697266,2072724
E0,0045:0099,snow,fused,valid,3.385620355606079,2073600
E0,0045:0099,snow,fused,sky,6.1363348960876465,981803
E0,0045:0099,snow,fused,nonsky,0.9120283126831055,1091797
E0,0045:0099,snow,fused,textureless,1.3119207620620728,34889
E0,0045:0099,snow,fused,textured,3.4211089611053467,2038711
Full,0045:0099,snow,fused,valid,0.7775294184684753,2073600
Full,0045:0099,snow,fused,sky,0.6541069149971008,981803
Full,0045:0099,snow,fused,nonsky,0.8885177969932556,1091797
Full,0045:0099,snow,fused,textureless,0.03260817751288414,34889
Full,0045:0099,snow,fused,textured,0.7902775406837463,2038711
Full,0045:0099,snow,stereo_only,valid,0.7768612504005432,2073600
Full,0045:0099,snow,stereo_only,sky,0.6526179313659668,981803
Full,0045:0099,snow,stereo_only,nonsky,0.888587474822998,1091797
Full,0045:0099,snow,stereo_only,textureless,0.03256558999419212,34889
Full,0045:0099,snow,stereo_only,textured,0.7895984649658203,2038711
Full,0045:0099,snow,mono_only,valid,7.966363430023193,2073600
Full,0045:0099,snow,mono_only,sky,5.279033184051514,981803
Full,0045:0099,snow,mono_only,nonsky,10.382957458496094,1091797
Full,0045:0099,snow,mono_only,textureless,0.6396971940994263,34889
Full,0045:0099,snow,mono_only,textured,8.09174919128418,2038711
E0,0045:0131,clean,fused,valid,0.5929811596870422,2073599
E0,0045:0131,clean,fused,sky,0.660841703414917,995494
E0,0045:0131,clean,fused,nonsky,0.5303204655647278,1078105
E0,0045:0131,clean,fused,textureless,0.3383181095123291,574671
E0,0045:0131,clean,fused,textured,0.6906158924102783,1498928
Full,0045:0131,clean,fused,valid,0.6180747151374817,2073599
Full,0045:0131,clean,fused,sky,0.7021357417106628,995494
Full,0045:0131,clean,fused,nonsky,0.5404549241065979,1078105
Full,0045:0131,clean,fused,textureless,0.4042697548866272,574671
Full,0045:0131,clean,fused,textured,0.7000448703765869,1498928
Full,0045:0131,clean,stereo_only,valid,0.6182126402854919,2073599
Full,0045:0131,clean,stereo_only,sky,0.7025044560432434,995494
Full,0045:0131,clean,stereo_only,nonsky,0.5403798818588257,1078105
Full,0045:0131,clean,stereo_only,textureless,0.4049808084964752,574671
Full,0045:0131,clean,stereo_only,textured,0.6999630928039551,1498928
Full,0045:0131,clean,mono_only,valid,8.589447021484375,2073599
Full,0045:0131,clean,mono_only,sky,2.5454373359680176,995494
Full,0045:0131,clean,mono_only,nonsky,14.170328140258789,1078105
Full,0045:0131,clean,mono_only,textureless,0.09250602126121521,574671
Full,0045:0131,clean,mono_only,textured,11.847076416015625,1498928
E0,0045:0131,fog,fused,valid,1.2306973934173584,2073599
E0,0045:0131,fog,fused,sky,1.9795767068862915,995494
E0,0045:0131,fog,fused,nonsky,0.5392032861709595,1078105
E0,0045:0131,fog,fused,textureless,1.8224283456802368,1024609
E0,0045:0131,fog,fused,textured,0.6527214646339417,1048990
Full,0045:0131,fog,fused,valid,0.475894570350647,2073599
Full,0045:0131,fog,fused,sky,0.39587900042533875,995494
Full,0045:0131,fog,fused,nonsky,0.5497791171073914,1078105
Full,0045:0131,fog,fused,textureless,0.26654982566833496,1024609
Full,0045:0131,fog,fused,textured,0.6803736686706543,1048990
Full,0045:0131,fog,stereo_only,valid,0.47609710693359375,2073599
Full,0045:0131,fog,stereo_only,sky,0.3959469795227051,995494
Full,0045:0131,fog,stereo_only,nonsky,0.5501059889793396,1078105
Full,0045:0131,fog,stereo_only,textureless,0.2666083574295044,1024609
Full,0045:0131,fog,stereo_only,textured,0.6807171702384949,1048990
Full,0045:0131,fog,mono_only,valid,11.68055248260498,2073599
Full,0045:0131,fog,mono_only,sky,2.054180860519409,995494
Full,0045:0131,fog,mono_only,nonsky,20.56928825378418,1078105
Full,0045:0131,fog,mono_only,textureless,3.2497987747192383,1024609
Full,0045:0131,fog,mono_only,textured,19.915355682373047,1048990
E0,0045:0131,frost,fused,valid,16.089828491210938,2073599
E0,0045:0131,frost,fused,sky,31.395984649658203,995494
E0,0045:0131,frost,fused,nonsky,1.9565478563308716,1078105
E0,0045:0131,frost,fused,textureless,24.397130966186523,395703
E0,0045:0131,frost,fused,textured,14.130698204040527,1677896
Full,0045:0131,frost,fused,valid,0.7408396005630493,2073599
Full,0045:0131,frost,fused,sky,0.7102775573730469,995494
Full,0045:0131,frost,fused,nonsky,0.7690598368644714,1078105
Full,0045:0131,frost,fused,textureless,0.22988355159759521,395703
Full,0045:0131,frost,fused,textured,0.8613400459289551,1677896
Full,0045:0131,frost,stereo_only,valid,0.7400674223899841,2073599
Full,0045:0131,frost,stereo_only,sky,0.7085700035095215,995494
Full,0045:0131,frost,stereo_only,nonsky,0.7691512703895569,1078105
Full,0045:0131,frost,stereo_only,textureless,0.22903063893318176,395703
Full,0045:0131,frost,stereo_only,textured,0.8605865836143494,1677896
Full,0045:0131,frost,mono_only,valid,11.221484184265137,2073599
Full,0045:0131,frost,mono_only,sky,12.679560661315918,995494
Full,0045:0131,frost,mono_only,nonsky,9.875131607055664,1078105
Full,0045:0131,frost,mono_only,textureless,6.623329162597656,395703
Full,0045:0131,frost,mono_only,textured,12.305875778198242,1677896
E0,0045:0131,snow,fused,valid,5.007363319396973,2073599
E0,0045:0131,snow,fused,sky,9.484474182128906,995494
E0,0045:0131,snow,fused,nonsky,0.873315155506134,1078105
E0,0045:0131,snow,fused,textureless,3.63358211517334,36240
E0,0045:0131,snow,fused,textured,5.031805992126465,2037359
Full,0045:0131,snow,fused,valid,0.7564474940299988,2073599
Full,0045:0131,snow,fused,sky,0.6704546213150024,995494
Full,0045:0131,snow,fused,nonsky,0.8358511924743652,1078105
Full,0045:0131,snow,fused,textureless,0.03266913816332817,36240
Full,0045:0131,snow,fused,textured,0.7693214416503906,2037359
Full,0045:0131,snow,stereo_only,valid,0.7560172080993652,2073599
Full,0045:0131,snow,stereo_only,sky,0.6694865822792053,995494
Full,0045:0131,snow,stereo_only,nonsky,0.8359171748161316,1078105
Full,0045:0131,snow,stereo_only,textureless,0.03303638473153114,36240
Full,0045:0131,snow,stereo_only,textured,0.7688771486282349,2037359
Full,0045:0131,snow,mono_only,valid,8.231112480163574,2073599
Full,0045:0131,snow,mono_only,sky,3.3789005279541016,995494
Full,0045:0131,snow,mono_only,nonsky,12.711514472961426,1078105
Full,0045:0131,snow,mono_only,textureless,1.1386128664016724,36240
Full,0045:0131,snow,mono_only,textured,8.357271194458008,2037359
E0,0045:0164,clean,fused,valid,0.6041944622993469,2073599
E0,0045:0164,clean,fused,sky,0.6535463333129883,1002931
E0,0045:0164,clean,fused,nonsky,0.5579652190208435,1070668
E0,0045:0164,clean,fused,textureless,0.332500159740448,574120
E0,0045:0164,clean,fused,textured,0.708220899105072,1499479
Full,0045:0164,clean,fused,valid,0.630764365196228,2073599
Full,0045:0164,clean,fused,sky,0.6917266845703125,1002931
Full,0045:0164,clean,fused,nonsky,0.5736591219902039,1070668
Full,0045:0164,clean,fused,textureless,0.3931977152824402,574120
Full,0045:0164,clean,fused,textured,0.7217238545417786,1499479
Full,0045:0164,clean,stereo_only,valid,0.6308792233467102,2073599
Full,0045:0164,clean,stereo_only,sky,0.6921011209487915,1002931
Full,0045:0164,clean,stereo_only,nonsky,0.5735300183296204,1070668
Full,0045:0164,clean,stereo_only,textureless,0.39391985535621643,574120
Full,0045:0164,clean,stereo_only,textured,0.721605658531189,1499479
Full,0045:0164,clean,mono_only,valid,8.6717529296875,2073599
Full,0045:0164,clean,mono_only,sky,2.2930383682250977,1002931
Full,0045:0164,clean,mono_only,nonsky,14.646917343139648,1070668
Full,0045:0164,clean,mono_only,textureless,0.05255991220474243,574120
Full,0045:0164,clean,mono_only,textured,11.971868515014648,1499479
E0,0045:0164,fog,fused,valid,21.086259841918945,2073599
E0,0045:0164,fog,fused,sky,42.99282455444336,1002931
E0,0045:0164,fog,fused,nonsky,0.5656466484069824,1070668
E0,0045:0164,fog,fused,textureless,41.8672981262207,1026223
E0,0045:0164,fog,fused,textured,0.7249308228492737,1047376
Full,0045:0164,fog,fused,valid,1.7004152536392212,2073599
Full,0045:0164,fog,fused,sky,2.8957061767578125,1002931
Full,0045:0164,fog,fused,nonsky,0.5807463526725769,1070668
Full,0045:0164,fog,fused,textureless,2.702589511871338,1026223
Full,0045:0164,fog,fused,textured,0.7184820771217346,1047376
Full,0045:0164,fog,stereo_only,valid,1.7001157999038696,2073599
Full,0045:0164,fog,stereo_only,sky,2.8948512077331543,1002931
Full,0045:0164,fog,stereo_only,nonsky,0.5809642672538757,1070668
Full,0045:0164,fog,stereo_only,textureless,2.7016758918762207,1026223
Full,0045:0164,fog,stereo_only,textured,0.7187813520431519,1047376
Full,0045:0164,fog,mono_only,valid,18.827486038208008,2073599
Full,0045:0164,fog,mono_only,sky,11.386506080627441,1002931
Full,0045:0164,fog,mono_only,nonsky,25.797704696655273,1070668
Full,0045:0164,fog,mono_only,textureless,12.645800590515137,1026223
Full,0045:0164,fog,mono_only,textured,24.884328842163086,1047376
E0,0045:0164,frost,fused,valid,20.112388610839844,2073599
E0,0045:0164,frost,fused,sky,40.489681243896484,1002931
E0,0045:0164,frost,fused,nonsky,1.0242587327957153,1070668
E0,0045:0164,frost,fused,textureless,33.93429183959961,379563
E0,0045:0164,frost,fused,textured,17.015472412109375,1694036
Full,0045:0164,frost,fused,valid,1.4413440227508545,2073599
Full,0045:0164,frost,fused,sky,1.82881760597229,1002931
Full,0045:0164,frost,fused,nonsky,1.0783836841583252,1070668
Full,0045:0164,frost,fused,textureless,1.1004770994186401,379563
Full,0045:0164,frost,fused,textured,1.5177175998687744,1694036
Full,0045:0164,frost,stereo_only,valid,1.4408122301101685,2073599
Full,0045:0164,frost,stereo_only,sky,1.827303409576416,1002931
Full,0045:0164,frost,stereo_only,nonsky,1.0787723064422607,1070668
Full,0045:0164,frost,stereo_only,textureless,1.0999171733856201,379563
Full,0045:0164,frost,stereo_only,textured,1.5171924829483032,1694036
Full,0045:0164,frost,mono_only,valid,12.083711624145508,2073599
Full,0045:0164,frost,mono_only,sky,11.893409729003906,1002931
Full,0045:0164,frost,mono_only,nonsky,12.26198673248291,1070668
Full,0045:0164,frost,mono_only,textureless,5.594016075134277,379563
Full,0045:0164,frost,mono_only,textured,13.537786483764648,1694036
E0,0045:0164,snow,fused,valid,6.509537696838379,2073599
E0,0045:0164,snow,fused,sky,12.471235275268555,1002931
E0,0045:0164,snow,fused,nonsky,0.9250074625015259,1070668
E0,0045:0164,snow,fused,textureless,3.344367027282715,36953
E0,0045:0164,snow,fused,textured,6.56696081161499,2036646
Full,0045:0164,snow,fused,valid,0.7892590165138245,2073599
Full,0045:0164,snow,fused,sky,0.6436927914619446,1002931
Full,0045:0164,snow,fused,nonsky,0.9256157279014587,1070668
Full,0045:0164,snow,fused,textureless,0.04219907894730568,36953
Full,0045:0164,snow,fused,textured,0.8028137683868408,2036646
Full,0045:0164,snow,stereo_only,valid,0.7887082099914551,2073599
Full,0045:0164,snow,stereo_only,sky,0.6423572301864624,1002931
Full,0045:0164,snow,stereo_only,nonsky,0.9258003830909729,1070668
Full,0045:0164,snow,stereo_only,textureless,0.042463112622499466,36953
Full,0045:0164,snow,stereo_only,textured,0.8022481799125671,2036646
Full,0045:0164,snow,mono_only,valid,8.643453598022461,2073599
Full,0045:0164,snow,mono_only,sky,4.277073383331299,1002931
Full,0045:0164,snow,mono_only,nonsky,12.733597755432129,1070668
Full,0045:0164,snow,mono_only,textureless,1.0620169639587402,36953
Full,0045:0164,snow,mono_only,textured,8.781015396118164,2036646
E0,0045:0197,clean,fused,valid,0.6986261010169983,2073600
E0,0045:0197,clean,fused,sky,0.606878399848938,927649
E0,0045:0197,clean,fused,nonsky,0.7728955149650574,1145951
E0,0045:0197,clean,fused,textureless,0.19654682278633118,571977
E0,0045:0197,clean,fused,textured,0.8898707628250122,1501623
Full,0045:0197,clean,fused,valid,0.7202046513557434,2073600
Full,0045:0197,clean,fused,sky,0.6425517201423645,927649
Full,0045:0197,clean,fused,nonsky,0.7830643653869629,1145951
Full,0045:0197,clean,fused,textureless,0.25252121686935425,571977
Full,0045:0197,clean,fused,textured,0.8983475565910339,1501623
Full,0045:0197,clean,stereo_only,valid,0.7203243970870972,2073600
Full,0045:0197,clean,stereo_only,sky,0.6428840160369873,927649
Full,0045:0197,clean,stereo_only,nonsky,0.7830122709274292,1145951
Full,0045:0197,clean,stereo_only,textureless,0.2531774342060089,571977
Full,0045:0197,clean,stereo_only,textured,0.8982633948326111,1501623
Full,0045:0197,clean,mono_only,valid,13.234312057495117,2073600
Full,0045:0197,clean,mono_only,sky,4.801758766174316,927649
Full,0045:0197,clean,mono_only,nonsky,20.060470581054688,1145951
Full,0045:0197,clean,mono_only,textureless,1.11013662815094,571977
Full,0045:0197,clean,mono_only,textured,17.852476119995117,1501623
E0,0045:0197,fog,fused,valid,39.883907318115234,2073600
E0,0045:0197,fog,fused,sky,88.23931121826172,927649
E0,0045:0197,fog,fused,nonsky,0.7402260303497314,1145951
E0,0045:0197,fog,fused,textureless,76.6013412475586,1067007
E0,0045:0197,fog,fused,textured,0.9628557562828064,1006593
Full,0045:0197,fog,fused,valid,8.810400009155273,2073600
Full,0045:0197,fog,fused,sky,18.765777587890625,927649
Full,0045:0197,fog,fused,nonsky,0.7514974474906921,1145951
Full,0045:0197,fog,fused,textureless,16.199993133544922,1067007
Full,0045:0197,fog,fused,textured,0.9772942662239075,1006593
Full,0045:0197,fog,stereo_only,valid,8.81069564819336,2073600
Full,0045:0197,fog,stereo_only,sky,18.766069412231445,927649
Full,0045:0197,fog,stereo_only,nonsky,0.7517951130867004,1145951
Full,0045:0197,fog,stereo_only,textureless,16.200244903564453,1067007
Full,0045:0197,fog,stereo_only,textured,0.977626621723175,1006593
Full,0045:0197,fog,mono_only,valid,18.562740325927734,2073600
Full,0045:0197,fog,mono_only,sky,1.0790034532546997,927649
Full,0045:0197,fog,mono_only,nonsky,32.715850830078125,1145951
Full,0045:0197,fog,mono_only,textureless,5.275983810424805,1067007
Full,0045:0197,fog,mono_only,textured,32.64694595336914,1006593
E0,0045:0197,frost,fused,valid,31.02072525024414,2073600
E0,0045:0197,frost,fused,sky,64.5524673461914,927649
E0,0045:0197,frost,fused,nonsky,3.8766989707946777,1145951
E0,0045:0197,frost,fused,textureless,61.09349822998047,385339
E0,0045:0197,frost,fused,textured,24.156728744506836,1688261
Full,0045:0197,frost,fused,valid,2.9840967655181885,2073600
Full,0045:0197,frost,fused,sky,4.508121490478516,927649
Full,0045:0197,frost,fused,nonsky,1.7503944635391235,1145951
Full,0045:0197,frost,fused,textureless,3.390812635421753,385339
Full,0045:0197,frost,fused,textured,2.891263961791992,1688261
Full,0045:0197,frost,stereo_only,valid,2.9834322929382324,2073600
Full,0045:0197,frost,stereo_only,sky,4.506381988525391,927649
Full,0045:0197,frost,stereo_only,nonsky,1.750599980354309,1145951
Full,0045:0197,frost,stereo_only,textureless,3.389441728591919,385339
Full,0045:0197,frost,stereo_only,textured,2.890761613845825,1688261
Full,0045:0197,frost,mono_only,valid,16.726848602294922,2073600
Full,0045:0197,frost,mono_only,sky,20.465532302856445,927649
Full,0045:0197,frost,mono_only,nonsky,13.7003755569458,1145951
Full,0045:0197,frost,mono_only,textureless,16.789661407470703,385339
Full,0045:0197,frost,mono_only,textured,16.712509155273438,1688261
E0,0045:0197,snow,fused,valid,25.115018844604492,2073600
E0,0045:0197,snow,fused,sky,54.908653259277344,927649
E0,0045:0197,snow,fused,nonsky,0.9970358610153198,1145951
E0,0045:0197,snow,fused,textureless,9.903858184814453,34880
E0,0045:0197,snow,fused,textured,25.375267028808594,2038720
Full,0045:0197,snow,fused,valid,0.9183866381645203,2073600
Full,0045:0197,snow,fused,sky,0.7643211483955383,927649
Full,0045:0197,snow,fused,nonsky,1.0431022644042969,1145951
Full,0045:0197,snow,fused,textureless,0.08876018226146698,34880
Full,0045:0197,snow,fused,textured,0.9325803518295288,2038720
Full,0045:0197,snow,stereo_only,valid,0.9177104830741882,2073600
Full,0045:0197,snow,stereo_only,sky,0.7628216743469238,927649
Full,0045:0197,snow,stereo_only,nonsky,1.0430930852890015,1145951
Full,0045:0197,snow,stereo_only,textureless,0.08879722654819489,34880
Full,0045:0197,snow,stereo_only,textured,0.9318921566009521,2038720
Full,0045:0197,snow,mono_only,valid,11.92743968963623,2073600
Full,0045:0197,snow,mono_only,sky,11.583014488220215,927649
Full,0045:0197,snow,mono_only,nonsky,12.206246376037598,1145951
Full,0045:0197,snow,mono_only,textureless,3.0936439037323,34880
Full,0045:0197,snow,mono_only,textured,12.078577995300293,2038720
E0,0047:0001,clean,fused,valid,0.4503166079521179,2073600
E0,0047:0001,clean,fused,sky,nan,0
E0,0047:0001,clean,fused,nonsky,0.4503166079521179,2073600
E0,0047:0001,clean,fused,textureless,0.029422882944345474,62
E0,0047:0001,clean,fused,textured,0.450329065322876,2073538
Full,0047:0001,clean,fused,valid,0.452713280916214,2073600
Full,0047:0001,clean,fused,sky,nan,0
Full,0047:0001,clean,fused,nonsky,0.452713280916214,2073600
Full,0047:0001,clean,fused,textureless,0.030871976166963577,62
Full,0047:0001,clean,fused,textured,0.4527260661125183,2073538
Full,0047:0001,clean,stereo_only,valid,0.45270535349845886,2073600
Full,0047:0001,clean,stereo_only,sky,nan,0
Full,0047:0001,clean,stereo_only,nonsky,0.45270535349845886,2073600
Full,0047:0001,clean,stereo_only,textureless,0.030745968222618103,62
Full,0047:0001,clean,stereo_only,textured,0.4527180790901184,2073538
Full,0047:0001,clean,mono_only,valid,15.014262199401855,2073600
Full,0047:0001,clean,mono_only,sky,nan,0
Full,0047:0001,clean,mono_only,nonsky,15.014262199401855,2073600
Full,0047:0001,clean,mono_only,textureless,5.218434810638428,62
Full,0047:0001,clean,mono_only,textured,15.014558792114258,2073538
E0,0047:0001,fog,fused,valid,0.43719255924224854,2073600
E0,0047:0001,fog,fused,sky,nan,0
E0,0047:0001,fog,fused,nonsky,0.43719255924224854,2073600
E0,0047:0001,fog,fused,textureless,0.09930800646543503,332839
E0,0047:0001,fog,fused,textured,0.5017971396446228,1740761
Full,0047:0001,fog,fused,valid,0.43008899688720703,2073600
Full,0047:0001,fog,fused,sky,nan,0
Full,0047:0001,fog,fused,nonsky,0.43008899688720703,2073600
Full,0047:0001,fog,fused,textureless,0.07326651364564896,332839
Full,0047:0001,fog,fused,textured,0.4983145296573639,1740761
Full,0047:0001,fog,stereo_only,valid,0.43011271953582764,2073600
Full,0047:0001,fog,stereo_only,sky,nan,0
Full,0047:0001,fog,stereo_only,nonsky,0.43011271953582764,2073600
Full,0047:0001,fog,stereo_only,textureless,0.07336550951004028,332839
Full,0047:0001,fog,stereo_only,textured,0.49832385778427124,1740761
Full,0047:0001,fog,mono_only,valid,8.469775199890137,2073600
Full,0047:0001,fog,mono_only,sky,nan,0
Full,0047:0001,fog,mono_only,nonsky,8.469775199890137,2073600
Full,0047:0001,fog,mono_only,textureless,4.279317855834961,332839
Full,0047:0001,fog,mono_only,textured,9.271001815795898,1740761
E0,0047:0001,frost,fused,valid,3.883558511734009,2073600
E0,0047:0001,frost,fused,sky,nan,0
E0,0047:0001,frost,fused,nonsky,3.883558511734009,2073600
E0,0047:0001,frost,fused,textureless,0.056640625,40
E0,0047:0001,frost,fused,textured,3.8836312294006348,2073560
Full,0047:0001,frost,fused,valid,0.7492122650146484,2073600
Full,0047:0001,frost,fused,sky,nan,0
Full,0047:0001,frost,fused,nonsky,0.7492122650146484,2073600
Full,0047:0001,frost,fused,textureless,0.08281250298023224,40
Full,0047:0001,frost,fused,textured,0.7492251396179199,2073560
Full,0047:0001,frost,stereo_only,valid,0.7486477494239807,2073600
Full,0047:0001,frost,stereo_only,sky,nan,0
Full,0047:0001,frost,stereo_only,nonsky,0.7486477494239807,2073600
Full,0047:0001,frost,stereo_only,textureless,0.083984375,40
Full,0047:0001,frost,stereo_only,textured,0.7486605048179626,2073560
Full,0047:0001,frost,mono_only,valid,23.91973114013672,2073600
Full,0047:0001,frost,mono_only,sky,nan,0
Full,0047:0001,frost,mono_only,nonsky,23.91973114013672,2073600
Full,0047:0001,frost,mono_only,textureless,19.968358993530273,40
Full,0047:0001,frost,mono_only,textured,23.919816970825195,2073560
E0,0047:0001,snow,fused,valid,1.0272728204727173,2073600
E0,0047:0001,snow,fused,sky,nan,0
E0,0047:0001,snow,fused,nonsky,1.0272728204727173,2073600
E0,0047:0001,snow,fused,textureless,0.2774089276790619,1019
E0,0047:0001,snow,fused,textured,1.0276415348052979,2072581
Full,0047:0001,snow,fused,valid,0.8301115036010742,2073600
Full,0047:0001,snow,fused,sky,nan,0
Full,0047:0001,snow,fused,nonsky,0.8301115036010742,2073600
Full,0047:0001,snow,fused,textureless,0.27113744616508484,1019
Full,0047:0001,snow,fused,textured,0.8303864598274231,2072581
Full,0047:0001,snow,stereo_only,valid,0.8295055627822876,2073600
Full,0047:0001,snow,stereo_only,sky,nan,0
Full,0047:0001,snow,stereo_only,nonsky,0.8295055627822876,2073600
Full,0047:0001,snow,stereo_only,textureless,0.27120643854141235,1019
Full,0047:0001,snow,stereo_only,textured,0.8297799825668335,2072581
Full,0047:0001,snow,mono_only,valid,27.241350173950195,2073600
Full,0047:0001,snow,mono_only,sky,nan,0
Full,0047:0001,snow,mono_only,nonsky,27.241350173950195,2073600
Full,0047:0001,snow,mono_only,textureless,6.849201202392578,1019
Full,0047:0001,snow,mono_only,textured,27.25135612487793,2072581
E0,0047:0045,clean,fused,valid,0.43493521213531494,2073600
E0,0047:0045,clean,fused,sky,nan,0
E0,0047:0045,clean,fused,nonsky,0.43493521213531494,2073600
E0,0047:0045,clean,fused,textureless,0.0621202252805233,504
E0,0047:0045,clean,fused,textured,0.4350258409976959,2073096
Full,0047:0045,clean,fused,valid,0.43741169571876526,2073600
Full,0047:0045,clean,fused,sky,nan,0
Full,0047:0045,clean,fused,nonsky,0.43741169571876526,2073600
Full,0047:0045,clean,fused,textureless,0.0542379729449749,504
Full,0047:0045,clean,fused,textured,0.4375048279762268,2073096
Full,0047:0045,clean,stereo_only,valid,0.43738943338394165,2073600
Full,0047:0045,clean,stereo_only,sky,nan,0
Full,0047:0045,clean,stereo_only,nonsky,0.43738943338394165,2073600
Full,0047:0045,clean,stereo_only,textureless,0.0543387271463871,504
Full,0047:0045,clean,stereo_only,textured,0.4374825060367584,2073096
Full,0047:0045,clean,mono_only,valid,19.650863647460938,2073600
Full,0047:0045,clean,mono_only,sky,nan,0
Full,0047:0045,clean,mono_only,nonsky,19.650863647460938,2073600
Full,0047:0045,clean,mono_only,textureless,27.89278793334961,504
Full,0047:0045,clean,mono_only,textured,19.64887237548828,2073096
E0,0047:0045,fog,fused,valid,0.40486037731170654,2073600
E0,0047:0045,fog,fused,sky,nan,0
E0,0047:0045,fog,fused,nonsky,0.40486037731170654,2073600
E0,0047:0045,fog,fused,textureless,0.07991859316825867,308241
E0,0047:0045,fog,fused,textured,0.4615970551967621,1765359
Full,0047:0045,fog,fused,valid,0.4122331440448761,2073600
Full,0047:0045,fog,fused,sky,nan,0
Full,0047:0045,fog,fused,nonsky,0.4122331440448761,2073600
Full,0047:0045,fog,fused,textureless,0.07754054665565491,308241
Full,0047:0045,fog,fused,textured,0.47067224979400635,1765359
Full,0047:0045,fog,stereo_only,valid,0.4122177064418793,2073600
Full,0047:0045,fog,stereo_only,sky,nan,0
Full,0047:0045,fog,stereo_only,nonsky,0.4122177064418793,2073600
Full,0047:0045,fog,stereo_only,textureless,0.07765106856822968,308241
Full,0047:0045,fog,stereo_only,textured,0.47063466906547546,1765359
Full,0047:0045,fog,mono_only,valid,7.460963726043701,2073600
Full,0047:0045,fog,mono_only,sky,nan,0
Full,0047:0045,fog,mono_only,nonsky,7.460963726043701,2073600
Full,0047:0045,fog,mono_only,textureless,4.556581497192383,308241
Full,0047:0045,fog,mono_only,textured,7.968083381652832,1765359
E0,0047:0045,frost,fused,valid,0.8371507525444031,2073600
E0,0047:0045,frost,fused,sky,nan,0
E0,0047:0045,frost,fused,nonsky,0.8371507525444031,2073600
E0,0047:0045,frost,fused,textureless,nan,0
E0,0047:0045,frost,fused,textured,0.8371507525444031,2073600
Full,0047:0045,frost,fused,valid,0.7221989631652832,2073600
Full,0047:0045,frost,fused,sky,nan,0
Full,0047:0045,frost,fused,nonsky,0.7221989631652832,2073600
Full,0047:0045,frost,fused,textureless,nan,0
Full,0047:0045,frost,fused,textured,0.7221989631652832,2073600
Full,0047:0045,frost,stereo_only,valid,0.722044050693512,2073600
Full,0047:0045,frost,stereo_only,sky,nan,0
Full,0047:0045,frost,stereo_only,nonsky,0.722044050693512,2073600
Full,0047:0045,frost,stereo_only,textureless,nan,0
Full,0047:0045,frost,stereo_only,textured,0.722044050693512,2073600
Full,0047:0045,frost,mono_only,valid,8.81376838684082,2073600
Full,0047:0045,frost,mono_only,sky,nan,0
Full,0047:0045,frost,mono_only,nonsky,8.81376838684082,2073600
Full,0047:0045,frost,mono_only,textureless,nan,0
Full,0047:0045,frost,mono_only,textured,8.81376838684082,2073600
E0,0047:0045,snow,fused,valid,1.0440064668655396,2073600
E0,0047:0045,snow,fused,sky,nan,0
E0,0047:0045,snow,fused,nonsky,1.0440064668655396,2073600
E0,0047:0045,snow,fused,textureless,0.13805584609508514,3719
E0,0047:0045,snow,fused,textured,1.0456342697143555,2069881
Full,0047:0045,snow,fused,valid,0.8500763177871704,2073600
Full,0047:0045,snow,fused,sky,nan,0
Full,0047:0045,snow,fused,nonsky,0.8500763177871704,2073600
Full,0047:0045,snow,fused,textureless,0.16556869447231293,3719
Full,0047:0045,snow,fused,textured,0.8513064384460449,2069881
Full,0047:0045,snow,stereo_only,valid,0.8495017290115356,2073600
Full,0047:0045,snow,stereo_only,sky,nan,0
Full,0047:0045,snow,stereo_only,nonsky,0.8495017290115356,2073600
Full,0047:0045,snow,stereo_only,textureless,0.1664804071187973,3719
Full,0047:0045,snow,stereo_only,textured,0.8507285714149475,2069881
Full,0047:0045,snow,mono_only,valid,25.185211181640625,2073600
Full,0047:0045,snow,mono_only,sky,nan,0
Full,0047:0045,snow,mono_only,nonsky,25.185211181640625,2073600
Full,0047:0045,snow,mono_only,textureless,8.083894729614258,3719
Full,0047:0045,snow,mono_only,textured,25.215930938720703,2069881
E0,0047:0089,clean,fused,valid,0.22465386986732483,2073600
E0,0047:0089,clean,fused,sky,nan,0
E0,0047:0089,clean,fused,nonsky,0.22465386986732483,2073600
E0,0047:0089,clean,fused,textureless,0.03316093236207962,1435
E0,0047:0089,clean,fused,textured,0.22478653490543365,2072165
Full,0047:0089,clean,fused,valid,0.21945129334926605,2073600
Full,0047:0089,clean,fused,sky,nan,0
Full,0047:0089,clean,fused,nonsky,0.21945129334926605,2073600
Full,0047:0089,clean,fused,textureless,0.03201764076948166,1435
Full,0047:0089,clean,fused,textured,0.21958118677139282,2072165
Full,0047:0089,clean,stereo_only,valid,0.21941791474819183,2073600
Full,0047:0089,clean,stereo_only,sky,nan,0
Full,0047:0089,clean,stereo_only,nonsky,0.21941791474819183,2073600
Full,0047:0089,clean,stereo_only,textureless,0.03214830160140991,1435
Full,0047:0089,clean,stereo_only,textured,0.21954776346683502,2072165
Full,0047:0089,clean,mono_only,valid,30.11182975769043,2073600
Full,0047:0089,clean,mono_only,sky,nan,0
Full,0047:0089,clean,mono_only,nonsky,30.11182975769043,2073600
Full,0047:0089,clean,mono_only,textureless,23.07790184020996,1435
Full,0047:0089,clean,mono_only,textured,30.116695404052734,2072165
E0,0047:0089,fog,fused,valid,0.1820996105670929,2073600
E0,0047:0089,fog,fused,sky,nan,0
E0,0047:0089,fog,fused,nonsky,0.1820996105670929,2073600
E0,0047:0089,fog,fused,textureless,0.08045927435159683,241073
E0,0047:0089,fog,fused,textured,0.19547073543071747,1832527
Full,0047:0089,fog,fused,valid,0.18370270729064941,2073600
Full,0047:0089,fog,fused,sky,nan,0
Full,0047:0089,fog,fused,nonsky,0.18370270729064941,2073600
Full,0047:0089,fog,fused,textureless,0.07658348977565765,241073
Full,0047:0089,fog,fused,textured,0.19779449701309204,1832527
Full,0047:0089,fog,stereo_only,valid,0.18370500206947327,2073600
Full,0047:0089,fog,stereo_only,sky,nan,0
Full,0047:0089,fog,stereo_only,nonsky,0.18370500206947327,2073600
Full,0047:0089,fog,stereo_only,textureless,0.07690142840147018,241073
Full,0047:0089,fog,stereo_only,textured,0.19775527715682983,1832527
Full,0047:0089,fog,mono_only,valid,5.085387229919434,2073600
Full,0047:0089,fog,mono_only,sky,nan,0
Full,0047:0089,fog,mono_only,nonsky,5.085387229919434,2073600
Full,0047:0089,fog,mono_only,textureless,4.127964496612549,241073
Full,0047:0089,fog,mono_only,textured,5.211338043212891,1832527
E0,0047:0089,frost,fused,valid,0.7948795557022095,2073600
E0,0047:0089,frost,fused,sky,nan,0
E0,0047:0089,frost,fused,nonsky,0.7948795557022095,2073600
E0,0047:0089,frost,fused,textureless,0.10094060748815536,402
E0,0047:0089,frost,fused,textured,0.7950142025947571,2073198
Full,0047:0089,frost,fused,valid,0.6565312743186951,2073600
Full,0047:0089,frost,fused,sky,nan,0
Full,0047:0089,frost,fused,nonsky,0.6565312743186951,2073600
Full,0047:0089,frost,fused,textureless,0.20876088738441467,402
Full,0047:0089,frost,fused,textured,0.6566178202629089,2073198
Full,0047:0089,frost,stereo_only,valid,0.6562271118164062,2073600
Full,0047:0089,frost,stereo_only,sky,nan,0
Full,0047:0089,frost,stereo_only,nonsky,0.6562271118164062,2073600
Full,0047:0089,frost,stereo_only,textureless,0.20631219446659088,402
Full,0047:0089,frost,stereo_only,textured,0.6563146114349365,2073198
Full,0047:0089,frost,mono_only,valid,4.532507419586182,2073600
Full,0047:0089,frost,mono_only,sky,nan,0
Full,0047:0089,frost,mono_only,nonsky,4.532507419586182,2073600
Full,0047:0089,frost,mono_only,textureless,14.834712982177734,402
Full,0047:0089,frost,mono_only,textured,4.530508518218994,2073198
E0,0047:0089,snow,fused,valid,1.5743099451065063,2073600
E0,0047:0089,snow,fused,sky,nan,0
E0,0047:0089,snow,fused,nonsky,1.5743099451065063,2073600
E0,0047:0089,snow,fused,textureless,0.3643685579299927,3316
E0,0047:0089,snow,fused,textured,1.576246976852417,2070284
Full,0047:0089,snow,fused,valid,0.6695721745491028,2073600
Full,0047:0089,snow,fused,sky,nan,0
Full,0047:0089,snow,fused,nonsky,0.6695721745491028,2073600
Full,0047:0089,snow,fused,textureless,0.31208062171936035,3316
Full,0047:0089,snow,fused,textured,0.6701445579528809,2070284
Full,0047:0089,snow,stereo_only,valid,0.6687434315681458,2073600
Full,0047:0089,snow,stereo_only,sky,nan,0
Full,0047:0089,snow,stereo_only,nonsky,0.6687434315681458,2073600
Full,0047:0089,snow,stereo_only,textureless,0.3112890124320984,3316
Full,0047:0089,snow,stereo_only,textured,0.6693158149719238,2070284
Full,0047:0089,snow,mono_only,valid,27.499652862548828,2073600
Full,0047:0089,snow,mono_only,sky,nan,0
Full,0047:0089,snow,mono_only,nonsky,27.499652862548828,2073600
Full,0047:0089,snow,mono_only,textureless,7.324248313903809,3316
Full,0047:0089,snow,mono_only,textured,27.531967163085938,2070284
E0,0047:0134,clean,fused,valid,0.18581826984882355,2073600
E0,0047:0134,clean,fused,sky,0.01890721544623375,93274
E0,0047:0134,clean,fused,nonsky,0.1936798244714737,1980326
E0,0047:0134,clean,fused,textureless,0.010504900477826595,83431
E0,0047:0134,clean,fused,textured,0.1931675672531128,1990169
Full,0047:0134,clean,fused,valid,0.187382772564888,2073600
Full,0047:0134,clean,fused,sky,0.016474423930048943,93274
Full,0047:0134,clean,fused,nonsky,0.19543258845806122,1980326
Full,0047:0134,clean,fused,textureless,0.00801871158182621,83431
Full,0047:0134,clean,fused,textured,0.1949019879102707,1990169
Full,0047:0134,clean,stereo_only,valid,0.18738877773284912,2073600
Full,0047:0134,clean,stereo_only,sky,0.016477853059768677,93274
Full,0047:0134,clean,stereo_only,nonsky,0.19543863832950592,1980326
Full,0047:0134,clean,stereo_only,textureless,0.008021517656743526,83431
Full,0047:0134,clean,stereo_only,textured,0.19490808248519897,1990169
Full,0047:0134,clean,mono_only,valid,19.47904396057129,2073600
Full,0047:0134,clean,mono_only,sky,0.1286042481660843,93274
Full,0047:0134,clean,mono_only,nonsky,20.390464782714844,1980326
Full,0047:0134,clean,mono_only,textureless,0.12278822064399719,83431
Full,0047:0134,clean,mono_only,textured,20.290491104125977,1990169
E0,0047:0134,fog,fused,valid,0.1573968380689621,2073600
E0,0047:0134,fog,fused,sky,0.042236678302288055,93274
E0,0047:0134,fog,fused,nonsky,0.16282100975513458,1980326
E0,0047:0134,fog,fused,textureless,0.0691012367606163,252713
E0,0047:0134,fog,fused,textured,0.1696510761976242,1820887
Full,0047:0134,fog,fused,valid,0.15811969339847565,2073600
Full,0047:0134,fog,fused,sky,0.017212552949786186,93274
Full,0047:0134,fog,fused,nonsky,0.16475652158260345,1980326
Full,0047:0134,fog,fused,textureless,0.06136556714773178,252713
Full,0047:0134,fog,fused,textured,0.17154772579669952,1820887
Full,0047:0134,fog,stereo_only,valid,0.15818622708320618,2073600
Full,0047:0134,fog,stereo_only,sky,0.017228763550519943,93274
Full,0047:0134,fog,stereo_only,nonsky,0.1648254096508026,1980326
Full,0047:0134,fog,stereo_only,textureless,0.061720073223114014,252713
Full,0047:0134,fog,stereo_only,textured,0.1715744137763977,1820887
Full,0047:0134,fog,mono_only,valid,3.414112091064453,2073600
Full,0047:0134,fog,mono_only,sky,0.08706731349229813,93274
Full,0047:0134,fog,mono_only,nonsky,3.570817470550537,1980326
Full,0047:0134,fog,mono_only,textureless,1.6190389394760132,252713
Full,0047:0134,fog,mono_only,textured,3.663243532180786,1820887
E0,0047:0134,frost,fused,valid,1.0299733877182007,2073600
E0,0047:0134,frost,fused,sky,0.07961408793926239,93274
E0,0047:0134,frost,fused,nonsky,1.0747357606887817,1980326
E0,0047:0134,frost,fused,textureless,0.09617643058300018,85796
E0,0047:0134,frost,fused,textured,1.0702778100967407,1987804
Full,0047:0134,frost,fused,valid,0.3833877444267273,2073600
Full,0047:0134,frost,fused,sky,0.07839365303516388,93274
Full,0047:0134,frost,fused,nonsky,0.3977530598640442,1980326
Full,0047:0134,frost,fused,textureless,0.09479665756225586,85796
Full,0047:0134,frost,fused,textured,0.3958437442779541,1987804
Full,0047:0134,frost,stereo_only,valid,0.38312652707099915,2073600
Full,0047:0134,frost,stereo_only,sky,0.07821298390626907,93274
Full,0047:0134,frost,stereo_only,nonsky,0.3974881172180176,1980326
Full,0047:0134,frost,stereo_only,textureless,0.094658762216568,85796
Full,0047:0134,frost,stereo_only,textured,0.39557698369026184,1987804
Full,0047:0134,frost,mono_only,valid,11.268643379211426,2073600
Full,0047:0134,frost,mono_only,sky,0.36942699551582336,93274
Full,0047:0134,frost,mono_only,nonsky,11.782002449035645,1980326
Full,0047:0134,frost,mono_only,textureless,0.4265449643135071,85796
Full,0047:0134,frost,mono_only,textured,11.736605644226074,1987804
E0,0047:0134,snow,fused,valid,10.35309886932373,2073600
E0,0047:0134,snow,fused,sky,11.195233345031738,93274
E0,0047:0134,snow,fused,nonsky,10.313435554504395,1980326
E0,0047:0134,snow,fused,textureless,4.683356285095215,1780
E0,0047:0134,snow,fused,textured,10.35797119140625,2071820
Full,0047:0134,snow,fused,valid,0.502602219581604,2073600
Full,0047:0134,snow,fused,sky,0.11087851226329803,93274
Full,0047:0134,snow,fused,nonsky,0.5210528373718262,1980326
Full,0047:0134,snow,fused,textureless,0.07534483075141907,1780
Full,0047:0134,snow,fused,textured,0.5029693841934204,2071820
Full,0047:0134,snow,stereo_only,valid,0.5020725131034851,2073600
Full,0047:0134,snow,stereo_only,sky,0.11155610531568527,93274
Full,0047:0134,snow,stereo_only,nonsky,0.5204663276672363,1980326
Full,0047:0134,snow,stereo_only,textureless,0.07559408247470856,1780
Full,0047:0134,snow,stereo_only,textured,0.5024392008781433,2071820
Full,0047:0134,snow,mono_only,valid,26.52053451538086,2073600
Full,0047:0134,snow,mono_only,sky,1.8349230289459229,93274
Full,0047:0134,snow,mono_only,nonsky,27.683231353759766,1980326
Full,0047:0134,snow,mono_only,textureless,0.669791042804718,1780
Full,0047:0134,snow,mono_only,textured,26.54274559020996,2071820
E0,0047:0178,clean,fused,valid,0.13611121475696564,2073600
E0,0047:0178,clean,fused,sky,0.01877475529909134,433524
E0,0047:0178,clean,fused,nonsky,0.16712689399719238,1640076
E0,0047:0178,clean,fused,textureless,0.01225414127111435,410662
E0,0047:0178,clean,fused,textured,0.16669760644435883,1662938
Full,0047:0178,clean,fused,valid,0.13987571001052856,2073600
Full,0047:0178,clean,fused,sky,0.014713726937770844,433524
Full,0047:0178,clean,fused,nonsky,0.17295996844768524,1640076
Full,0047:0178,clean,fused,textureless,0.008159411139786243,410662
Full,0047:0178,clean,fused,textured,0.1724029928445816,1662938
Full,0047:0178,clean,stereo_only,valid,0.13987548649311066,2073600
Full,0047:0178,clean,stereo_only,sky,0.014717286452651024,433524
Full,0047:0178,clean,stereo_only,nonsky,0.1729588359594345,1640076
Full,0047:0178,clean,stereo_only,textureless,0.008161098696291447,410662
Full,0047:0178,clean,stereo_only,textured,0.1724022924900055,1662938
Full,0047:0178,clean,mono_only,valid,6.266540050506592,2073600
Full,0047:0178,clean,mono_only,sky,0.08489113301038742,433524
Full,0047:0178,clean,mono_only,nonsky,7.900545597076416,1640076
Full,0047:0178,clean,mono_only,textureless,0.04948713630437851,410662
Full,0047:0178,clean,mono_only,textured,7.801837921142578,1662938
E0,0047:0178,fog,fused,valid,2.137002468109131,2073600
E0,0047:0178,fog,fused,sky,9.667069435119629,433524
E0,0047:0178,fog,fused,nonsky,0.14656411111354828,1640076
E0,0047:0178,fog,fused,textureless,7.970853805541992,526533
E0,0047:0178,fog,fused,textured,0.15149077773094177,1547067
Full,0047:0178,fog,fused,valid,0.12427233159542084,2073600
Full,0047:0178,fog,fused,sky,0.025045424699783325,433524
Full,0047:0178,fog,fused,nonsky,0.15050108730793,1640076
Full,0047:0178,fog,fused,textureless,0.03392903879284859,526533
Full,0047:0178,fog,fused,textured,0.15501999855041504,1547067
Full,0047:0178,fog,stereo_only,valid,0.12422767281532288,2073600
Full,0047:0178,fog,stereo_only,sky,0.024989567697048187,433524
Full,0047:0178,fog,stereo_only,nonsky,0.15045945346355438,1640076
Full,0047:0178,fog,stereo_only,textureless,0.03393419459462166,526533
Full,0047:0178,fog,stereo_only,textured,0.15495842695236206,1547067
Full,0047:0178,fog,mono_only,valid,2.289412498474121,2073600
Full,0047:0178,fog,mono_only,sky,0.11419473588466644,433524
Full,0047:0178,fog,mono_only,nonsky,2.8643908500671387,1640076
Full,0047:0178,fog,mono_only,textureless,0.3787742853164673,526533
Full,0047:0178,fog,mono_only,textured,2.9396839141845703,1547067
E0,0047:0178,frost,fused,valid,3.423539400100708,2073600
E0,0047:0178,frost,fused,sky,10.169797897338867,433524
E0,0047:0178,frost,fused,nonsky,1.6402908563613892,1640076
E0,0047:0178,frost,fused,textureless,47.009727478027344,2281
E0,0047:0178,frost,fused,textured,3.3755440711975098,2071319
Full,0047:0178,frost,fused,valid,0.3726738691329956,2073600
Full,0047:0178,frost,fused,sky,0.28501763939857483,433524
Full,0047:0178,frost,fused,nonsky,0.39584434032440186,1640076
Full,0047:0178,frost,fused,textureless,0.2886340916156769,2281
Full,0047:0178,frost,fused,textured,0.37276649475097656,2071319
Full,0047:0178,frost,stereo_only,valid,0.3720548748970032,2073600
Full,0047:0178,frost,stereo_only,sky,0.28382718563079834,433524
Full,0047:0178,frost,stereo_only,nonsky,0.3953762352466583,1640076
Full,0047:0178,frost,stereo_only,textureless,0.2874632179737091,2281
Full,0047:0178,frost,stereo_only,textured,0.3721480369567871,2071319
Full,0047:0178,frost,mono_only,valid,25.075439453125,2073600
Full,0047:0178,frost,mono_only,sky,12.184218406677246,433524
Full,0047:0178,frost,mono_only,nonsky,28.483003616333008,1640076
Full,0047:0178,frost,mono_only,textureless,14.054150581359863,2281
Full,0047:0178,frost,mono_only,textured,25.08757781982422,2071319
E0,0047:0178,snow,fused,valid,2.947967052459717,2073600
E0,0047:0178,snow,fused,sky,2.8688063621520996,433524
E0,0047:0178,snow,fused,nonsky,2.968891143798828,1640076
E0,0047:0178,snow,fused,textureless,4.52029275894165,4508
E0,0047:0178,snow,fused,textured,2.9445409774780273,2069092
Full,0047:0178,snow,fused,valid,0.3780551850795746,2073600
Full,0047:0178,snow,fused,sky,0.14628824591636658,433524
Full,0047:0178,snow,fused,nonsky,0.43931853771209717,1640076
Full,0047:0178,snow,fused,textureless,0.09404273331165314,4508
Full,0047:0178,snow,fused,textured,0.3786739408969879,2069092
Full,0047:0178,snow,stereo_only,valid,0.3776634633541107,2073600
Full,0047:0178,snow,stereo_only,sky,0.14579898118972778,433524
Full,0047:0178,snow,stereo_only,nonsky,0.4389524459838867,1640076
Full,0047:0178,snow,stereo_only,textureless,0.09385263174772263,4508
Full,0047:0178,snow,stereo_only,textured,0.37828174233436584,2069092
Full,0047:0178,snow,mono_only,valid,14.99277400970459,2073600
Full,0047:0178,snow,mono_only,sky,0.925140380859375,433524
Full,0047:0178,snow,mono_only,nonsky,18.71129035949707,1640076
Full,0047:0178,snow,mono_only,textureless,0.9053541421890259,4508
Full,0047:0178,snow,mono_only,textured,15.02346420288086,2069092
E0,0047:0222,clean,fused,valid,0.11964862048625946,2073600
E0,0047:0222,clean,fused,sky,0.016828292980790138,601856
E0,0047:0222,clean,fused,nonsky,0.16169607639312744,1471744
E0,0047:0222,clean,fused,textureless,0.011704672127962112,578251
E0,0047:0222,clean,fused,textured,0.1613905429840088,1495349
Full,0047:0222,clean,fused,valid,0.12287573516368866,2073600
Full,0047:0222,clean,fused,sky,0.0182564128190279,601856
Full,0047:0222,clean,fused,nonsky,0.16565877199172974,1471744
Full,0047:0222,clean,fused,textureless,0.013350002467632294,578251
Full,0047:0222,clean,fused,textured,0.16522930562496185,1495349
Full,0047:0222,clean,stereo_only,valid,0.12287786602973938,2073600
Full,0047:0222,clean,stereo_only,sky,0.018257129937410355,601856
Full,0047:0222,clean,stereo_only,nonsky,0.1656615287065506,1471744
Full,0047:0222,clean,stereo_only,textureless,0.013349139131605625,578251
Full,0047:0222,clean,stereo_only,textured,0.16523262858390808,1495349
Full,0047:0222,clean,mono_only,valid,4.552078723907471,2073600
Full,0047:0222,clean,mono_only,sky,0.078924261033535,601856
Full,0047:0222,clean,mono_only,nonsky,6.381331443786621,1471744
Full,0047:0222,clean,mono_only,textureless,0.053402386605739594,578251
Full,0047:0222,clean,mono_only,textured,6.291714668273926,1495349
E0,0047:0222,fog,fused,valid,6.543264865875244,2073600
E0,0047:0222,fog,fused,sky,22.1990909576416,601856
E0,0047:0222,fog,fused,nonsky,0.1409631371498108,1471744
E0,0047:0222,fog,fused,textureless,19.45699119567871,686995
E0,0047:0222,fog,fused,textured,0.1451461762189865,1386605
Full,0047:0222,fog,fused,valid,0.10983897745609283,2073600
Full,0047:0222,fog,fused,sky,0.020513933151960373,601856
Full,0047:0222,fog,fused,nonsky,0.1463676393032074,1471744
Full,0047:0222,fog,fused,textureless,0.029376106336712837,686995
Full,0047:0222,fog,fused,textured,0.14970441162586212,1386605
Full,0047:0222,fog,stereo_only,valid,0.10986603796482086,2073600
Full,0047:0222,fog,stereo_only,sky,0.020648935809731483,601856
Full,0047:0222,fog,stereo_only,nonsky,0.14635050296783447,1471744
Full,0047:0222,fog,stereo_only,textureless,0.029507726430892944,686995
Full,0047:0222,fog,stereo_only,textured,0.14967961609363556,1386605
Full,0047:0222,fog,mono_only,valid,2.101309299468994,2073600
Full,0047:0222,fog,mono_only,sky,0.20917096734046936,601856
Full,0047:0222,fog,mono_only,nonsky,2.8750815391540527,1471744
Full,0047:0222,fog,mono_only,textureless,0.4934654235839844,686995
Full,0047:0222,fog,mono_only,textured,2.897916793823242,1386605
E0,0047:0222,frost,fused,valid,1.2537814378738403,2073600
E0,0047:0222,frost,fused,sky,1.1529706716537476,601856
E0,0047:0222,frost,fused,nonsky,1.2950066328048706,1471744
E0,0047:0222,frost,fused,textureless,1.3321526050567627,426433
E0,0047:0222,frost,fused,textured,1.2334916591644287,1647167
Full,0047:0222,frost,fused,valid,0.2667189836502075,2073600
Full,0047:0222,frost,fused,sky,0.03927230462431908,601856
Full,0047:0222,frost,fused,nonsky,0.3597312569618225,1471744
Full,0047:0222,frost,fused,textureless,0.036373209208250046,426433
Full,0047:0222,frost,fused,textured,0.32635298371315,1647167
Full,0047:0222,frost,stereo_only,valid,0.26649847626686096,2073600
Full,0047:0222,frost,stereo_only,sky,0.03913181647658348,601856
Full,0047:0222,frost,stereo_only,nonsky,0.3594779074192047,1471744
Full,0047:0222,frost,stereo_only,textureless,0.0362512469291687,426433
Full,0047:0222,frost,stereo_only,textured,0.32610687613487244,1647167
Full,0047:0222,frost,mono_only,valid,7.591605186462402,2073600
Full,0047:0222,frost,mono_only,sky,0.7846113443374634,601856
Full,0047:0222,frost,mono_only,nonsky,10.375266075134277,1471744
Full,0047:0222,frost,mono_only,textureless,0.7632918953895569,426433
Full,0047:0222,frost,mono_only,textured,9.359378814697266,1647167
E0,0047:0222,snow,fused,valid,15.219895362854004,2073600
E0,0047:0222,snow,fused,sky,32.75074768066406,601856
E0,0047:0222,snow,fused,nonsky,8.05081558227539,1471744
E0,0047:0222,snow,fused,textureless,39.48191833496094,3767
E0,0047:0222,snow,fused,textured,15.175745010375977,2069833
Full,0047:0222,snow,fused,valid,0.3179120421409607,2073600
Full,0047:0222,snow,fused,sky,0.0726155936717987,601856
Full,0047:0222,snow,fused,nonsky,0.4182235896587372,1471744
Full,0047:0222,snow,fused,textureless,0.07499866187572479,3767
Full,0047:0222,snow,fused,textured,0.31835418939590454,2069833
Full,0047:0222,snow,stereo_only,valid,0.31761637330055237,2073600
Full,0047:0222,snow,stereo_only,sky,0.07222656160593033,601856
Full,0047:0222,snow,stereo_only,nonsky,0.41796621680259705,1471744
Full,0047:0222,snow,stereo_only,textureless,0.07494311779737473,3767
Full,0047:0222,snow,stereo_only,textured,0.3180580735206604,2069833
Full,0047:0222,snow,mono_only,valid,7.75553035736084,2073600
Full,0047:0222,snow,mono_only,sky,0.9833512902259827,601856
Full,0047:0222,snow,mono_only,nonsky,10.524951934814453,1471744
Full,0047:0222,snow,mono_only,textureless,0.8077062964439392,3767
Full,0047:0222,snow,mono_only,textured,7.768177509307861,2069833
E0,0047:0267,clean,fused,valid,0.11652778089046478,2073600
E0,0047:0267,clean,fused,sky,0.016756100580096245,631352
E0,0047:0267,clean,fused,nonsky,0.16020338237285614,1442248
E0,0047:0267,clean,fused,textureless,0.012183114886283875,607821
E0,0047:0267,clean,fused,textured,0.15979687869548798,1465779
Full,0047:0267,clean,fused,valid,0.12060663849115372,2073600
Full,0047:0267,clean,fused,sky,0.018475256860256195,631352
Full,0047:0267,clean,fused,nonsky,0.1653151959180832,1442248
Full,0047:0267,clean,fused,textureless,0.014040919952094555,607821
Full,0047:0267,clean,fused,textured,0.16479672491550446,1465779
Full,0047:0267,clean,stereo_only,valid,0.1206074059009552,2073600
Full,0047:0267,clean,stereo_only,sky,0.018475811928510666,631352
Full,0047:0267,clean,stereo_only,nonsky,0.16531601548194885,1442248
Full,0047:0267,clean,stereo_only,textureless,0.014040013775229454,607821
Full,0047:0267,clean,stereo_only,textured,0.16479812562465668,1465779
Full,0047:0267,clean,mono_only,valid,4.051178455352783,2073600
Full,0047:0267,clean,mono_only,sky,0.0752008855342865,631352
Full,0047:0267,clean,mono_only,nonsky,5.791683673858643,1442248
Full,0047:0267,clean,mono_only,textureless,0.052537690848112106,607821
Full,0047:0267,clean,mono_only,textured,5.709312438964844,1465779
E0,0047:0267,fog,fused,valid,0.6724277138710022,2073600
E0,0047:0267,fog,fused,sky,1.878592848777771,631352
E0,0047:0267,fog,fused,nonsky,0.1444217562675476,1442248
E0,0047:0267,fog,fused,textureless,1.701675295829773,700017
E0,0047:0267,fog,fused,textured,0.14789323508739471,1373583
Full,0047:0267,fog,fused,valid,0.10927224904298782,2073600
Full,0047:0267,fog,fused,sky,0.019735613837838173,631352
Full,0047:0267,fog,fused,nonsky,0.14846740663051605,1442248
Full,0047:0267,fog,fused,textureless,0.027320770546793938,700017
Full,0047:0267,fog,fused,textured,0.1510370820760727,1373583
Full,0047:0267,fog,stereo_only,valid,0.10927247256040573,2073600
Full,0047:0267,fog,stereo_only,sky,0.019817601889371872,631352
Full,0047:0267,fog,stereo_only,nonsky,0.14843183755874634,1442248
Full,0047:0267,fog,stereo_only,textureless,0.027418218553066254,700017
Full,0047:0267,fog,stereo_only,textured,0.15098778903484344,1373583
Full,0047:0267,fog,mono_only,valid,2.673069477081299,2073600
Full,0047:0267,fog,mono_only,sky,2.4214437007904053,631352
Full,0047:0267,fog,mono_only,nonsky,2.783219575881958,1442248
Full,0047:0267,fog,mono_only,textureless,2.402014970779419,700017
Full,0047:0267,fog,mono_only,textured,2.811206102371216,1373583
E0,0047:0267,frost,fused,valid,11.520432472229004,2073600
E0,0047:0267,frost,fused,sky,33.14606475830078,631352
E0,0047:0267,frost,fused,nonsky,2.053682804107666,1442248
E0,0047:0267,frost,fused,textureless,53.31312942504883,3646
E0,0047:0267,frost,fused,textured,11.446805000305176,2069954
Full,0047:0267,frost,fused,valid,0.31099292635917664,2073600
Full,0047:0267,frost,fused,sky,0.1357252597808838,631352
Full,0047:0267,frost,fused,nonsky,0.3877173066139221,1442248
Full,0047:0267,frost,fused,textureless,0.09269610047340393,3646
Full,0047:0267,frost,fused,textured,0.31137746572494507,2069954
Full,0047:0267,frost,stereo_only,valid,0.3104446530342102,2073600
Full,0047:0267,frost,stereo_only,sky,0.13483081758022308,631352
Full,0047:0267,frost,stereo_only,nonsky,0.38732025027275085,1442248
Full,0047:0267,frost,stereo_only,textureless,0.09149014949798584,3646
Full,0047:0267,frost,stereo_only,textured,0.3108302056789398,2069954
Full,0047:0267,frost,mono_only,valid,25.283681869506836,2073600
Full,0047:0267,frost,mono_only,sky,14.394434928894043,631352
Full,0047:0267,frost,mono_only,nonsky,30.050521850585938,1442248
Full,0047:0267,frost,mono_only,textureless,10.382893562316895,3646
Full,0047:0267,frost,mono_only,textured,25.309925079345703,2069954
E0,0047:0267,snow,fused,valid,2.0515120029449463,2073600
E0,0047:0267,snow,fused,sky,5.411766529083252,631352
E0,0047:0267,snow,fused,nonsky,0.5805418491363525,1442248
E0,0047:0267,snow,fused,textureless,15.410876274108887,7127
E0,0047:0267,snow,fused,textured,2.0054354667663574,2066473
Full,0047:0267,snow,fused,valid,0.32776209712028503,2073600
Full,0047:0267,snow,fused,sky,0.10807917267084122,631352
Full,0047:0267,snow,fused,nonsky,0.4239296019077301,1442248
Full,0047:0267,snow,fused,textureless,0.06033193692564964,7127
Full,0047:0267,snow,fused,textured,0.3286844789981842,2066473
Full,0047:0267,snow,stereo_only,valid,0.32746919989585876,2073600
Full,0047:0267,snow,stereo_only,sky,0.10799262672662735,631352
Full,0047:0267,snow,stereo_only,nonsky,0.42354634404182434,1442248
Full,0047:0267,snow,stereo_only,textureless,0.06021798402070999,7127
Full,0047:0267,snow,stereo_only,textured,0.3283909261226654,2066473
Full,0047:0267,snow,mono_only,valid,12.306880950927734,2073600
Full,0047:0267,snow,mono_only,sky,1.0125341415405273,631352
Full,0047:0267,snow,mono_only,nonsky,17.251047134399414,1442248
Full,0047:0267,snow,mono_only,textureless,0.9492060542106628,7127
Full,0047:0267,snow,mono_only,textured,12.346050262451172,2066473
